,weather,scenario,status
0,clear-noon,ghost_cutin,Completed
1,cloudy-noon,ghost_cutin,Completed
2,rain-noon,ghost_cutin,Completed
3,snow-noon,ghost_cutin,Completed
4,clear-noon,ghost_cutin,Completed
5,cloudy-noon,ghost_cutin,Completed
6,rain-noon,ghost_cutin,Completed
7,snow-noon,ghost_cutin,Completed
8,clear-noon,ghost_cutin,Completed
9,cloudy-noon,ghost_cutin,Completed
10,rain-noon,ghost_cutin,Completed
11,snow-noon,ghost_cutin,Completed
12,clear-noon,ghost_cutin,Completed
13,cloudy-noon,ghost_cutin,Completed
14,rain-noon,ghost_cutin,Completed
15,snow-noon,ghost_cutin,Completed
16,clear-noon,ghost_cutin,Completed
17,cloudy-noon,ghost_cutin,Completed
18,rain-noon,ghost_cutin,Completed
19,snow-noon,ghost_cutin,Failed -- Simulator crashed
20,clear-noon,ghost_cutin,Completed
21,cloudy-noon,ghost_cutin,Completed
22,rain-noon,ghost_cutin,Completed
23,snow-noon,ghost_cutin,Completed
24,clear-noon,ghost_cutin,Completed
25,cloudy-noon,ghost_cutin,Completed
26,rain-noon,ghost_cutin,Completed
27,snow-noon,ghost_cutin,Completed
28,clear-noon,ghost_cutin,Completed
29,cloudy-noon,ghost_cutin,Completed
30,rain-noon,ghost_cutin,Completed
31,snow-noon,ghost_cutin,Failed -- Accident
32,clear-noon,ghost_cutin,Completed
33,cloudy-noon,ghost_cutin,Completed
34,rain-noon,ghost_cutin,Completed
35,snow-noon,ghost_cutin,Completed
36,clear-noon,ghost_cutin,Completed
37,cloudy-noon,ghost_cutin,Completed
38,rain-noon,ghost_cutin,Completed
39,snow-noon,ghost_cutin,Completed
40,clear-noon,ghost_cutin,Completed
41,cloudy-noon,ghost_cutin,Completed
42,rain-noon,ghost_cutin,Completed
43,snow-noon,ghost_cutin,Completed
44,clear-noon,ghost_cutin,Completed
45,cloudy-noon,ghost_cutin,Completed
46,rain-noon,ghost_cutin,Completed
47,snow-noon,ghost_cutin,Completed
48,clear-noon,ghost_cutin,Completed
49,cloudy-noon,ghost_cutin,Completed
50,rain-noon,ghost_cutin,Completed
51,snow-noon,ghost_cutin,Completed
52,clear-noon,ghost_cutin,Completed
53,cloudy-noon,ghost_cutin,Completed
54,rain-noon,ghost_cutin,Completed
55,snow-noon,ghost_cutin,Completed
56,clear-noon,ghost_cutin,Completed
57,cloudy-noon,ghost_cutin,Failed -- Accident
58,rain-noon,ghost_cutin,Completed
59,snow-noon,ghost_cutin,Completed
60,clear-noon,ghost_cutin,Completed
61,cloudy-noon,ghost_cutin,Completed
62,rain-noon,ghost_cutin,Completed
63,snow-noon,ghost_cutin,Completed
64,clear-noon,ghost_cutin,Completed
65,cloudy-noon,ghost_cutin,Completed
66,rain-noon,ghost_cutin,Completed
67,snow-noon,ghost_cutin,Completed
68,clear-noon,ghost_cutin,Completed
69,cloudy-noon,ghost_cutin,Completed
70,rain-noon,ghost_cutin,Completed
71,snow-noon,ghost_cutin,Completed
72,clear-noon,ghost_cutin,Completed
73,cloudy-noon,ghost_cutin,Completed
74,rain-noon,ghost_cutin,Completed
75,snow-noon,ghost_cutin,Completed
76,clear-noon,ghost_cutin,Completed
77,cloudy-noon,ghost_cutin,Completed
78,rain-noon,ghost_cutin,Completed
79,snow-noon,ghost_cutin,Failed -- Accident
80,clear-noon,ghost_cutin,Completed
81,cloudy-noon,ghost_cutin,Completed
82,rain-noon,ghost_cutin,Completed
83,snow-noon,ghost_cutin,Completed
84,clear-noon,ghost_cutin,Completed
85,cloudy-noon,ghost_cutin,Completed
86,rain-noon,ghost_cutin,Completed
87,snow-noon,ghost_cutin,Completed
88,clear-noon,ghost_cutin,Completed
89,cloudy-noon,ghost_cutin,Completed
90,rain-noon,ghost_cutin,Completed
91,snow-noon,ghost_cutin,Completed
92,clear-noon,ghost_cutin,Completed
93,cloudy-noon,ghost_cutin,Completed
94,rain-noon,ghost_cutin,Completed
95,snow-noon,ghost_cutin,Completed
96,clear-noon,ghost_cutin,Failed -- Simulator crashed
97,cloudy-noon,ghost_cutin,Completed
98,rain-noon,ghost_cutin,Completed
99,snow-noon,ghost_cutin,Failed -- Accident
100,clear-noon,ghost_cutin,Completed
101,cloudy-noon,ghost_cutin,Completed
102,rain-noon,ghost_cutin,Completed
103,snow-noon,ghost_cutin,Completed
104,clear-noon,ghost_cutin,Completed
105,cloudy-noon,ghost_cutin,Completed
106,rain-noon,ghost_cutin,Failed -- Accident
107,snow-noon,ghost_cutin,Failed -- Accident
108,clear-noon,ghost_cutin,Completed
109,cloudy-noon,ghost_cutin,Completed
110,rain-noon,ghost_cutin,Completed
111,snow-noon,ghost_cutin,Failed -- Accident
112,clear-noon,ghost_cutin,Completed
113,cloudy-noon,ghost_cutin,Completed
114,rain-noon,ghost_cutin,Completed
115,snow-noon,ghost_cutin,Failed -- Accident
116,clear-noon,ghost_cutin,Completed
117,cloudy-noon,ghost_cutin,Completed
118,rain-noon,ghost_cutin,Completed
119,snow-noon,ghost_cutin,Completed
120,clear-noon,ghost_cutin,Completed
121,cloudy-noon,ghost_cutin,Completed
122,rain-noon,ghost_cutin,Completed
123,snow-noon,ghost_cutin,Failed -- Accident
124,clear-noon,ghost_cutin,Completed
125,cloudy-noon,ghost_cutin,Completed
126,rain-noon,ghost_cutin,Completed
127,snow-noon,ghost_cutin,Completed
128,clear-noon,ghost_cutin,Completed
129,cloudy-noon,ghost_cutin,Completed
130,rain-noon,ghost_cutin,Completed
131,snow-noon,ghost_cutin,Completed
132,clear-noon,ghost_cutin,Completed
133,cloudy-noon,ghost_cutin,Completed
134,rain-noon,ghost_cutin,Completed
135,snow-noon,ghost_cutin,Completed
136,clear-noon,ghost_cutin,Completed
137,cloudy-noon,ghost_cutin,Failed -- Accident
138,rain-noon,ghost_cutin,Failed -- Accident
139,snow-noon,ghost_cutin,Completed
140,clear-noon,ghost_cutin,Completed
141,cloudy-noon,ghost_cutin,Completed
142,rain-noon,ghost_cutin,Completed
143,snow-noon,ghost_cutin,Completed
144,clear-noon,ghost_cutin,Completed
145,cloudy-noon,ghost_cutin,Completed
146,rain-noon,ghost_cutin,Failed -- Accident
147,snow-noon,ghost_cutin,Completed
148,clear-noon,ghost_cutin,Completed
149,cloudy-noon,ghost_cutin,Completed
150,rain-noon,ghost_cutin,Completed
151,snow-noon,ghost_cutin,Completed
152,clear-noon,ghost_cutin,Completed
153,cloudy-noon,ghost_cutin,Completed
154,rain-noon,ghost_cutin,Completed
155,snow-noon,ghost_cutin,Completed
156,clear-noon,ghost_cutin,Completed
157,cloudy-noon,ghost_cutin,Completed
158,rain-noon,ghost_cutin,Completed
159,snow-noon,ghost_cutin,Failed -- Accident
160,clear-noon,ghost_cutin,Completed
161,cloudy-noon,ghost_cutin,Completed
162,rain-noon,ghost_cutin,Completed
163,snow-noon,ghost_cutin,Completed
164,clear-noon,ghost_cutin,Completed
165,cloudy-noon,ghost_cutin,Completed
166,rain-noon,ghost_cutin,Completed
167,snow-noon,ghost_cutin,Completed
168,clear-noon,ghost_cutin,Completed
169,cloudy-noon,ghost_cutin,Completed
170,rain-noon,ghost_cutin,Completed
171,snow-noon,ghost_cutin,Completed
172,clear-noon,ghost_cutin,Completed
173,cloudy-noon,ghost_cutin,Completed
174,rain-noon,ghost_cutin,Completed
175,snow-noon,ghost_cutin,Completed
176,clear-noon,ghost_cutin,Completed
177,cloudy-noon,ghost_cutin,Completed
178,rain-noon,ghost_cutin,Failed -- Accident
179,snow-noon,ghost_cutin,Completed
180,clear-noon,ghost_cutin,Completed
181,cloudy-noon,ghost_cutin,Completed
182,rain-noon,ghost_cutin,Completed
183,snow-noon,ghost_cutin,Completed
184,clear-noon,ghost_cutin,Completed
185,cloudy-noon,ghost_cutin,Completed
186,rain-noon,ghost_cutin,Failed -- Accident
187,snow-noon,ghost_cutin,Completed
188,clear-noon,ghost_cutin,Completed
189,cloudy-noon,ghost_cutin,Completed
190,rain-noon,ghost_cutin,Completed
191,snow-noon,ghost_cutin,Completed
192,clear-noon,ghost_cutin,Completed
193,cloudy-noon,ghost_cutin,Completed
194,rain-noon,ghost_cutin,Failed -- Accident
195,snow-noon,ghost_cutin,Completed
196,clear-noon,ghost_cutin,Completed
197,cloudy-noon,ghost_cutin,Completed
198,rain-noon,ghost_cutin,Completed
199,snow-noon,ghost_cutin,Completed
200,clear-noon,ghost_cutin,Completed
201,cloudy-noon,ghost_cutin,Completed
202,rain-noon,ghost_cutin,Failed -- Accident
203,snow-noon,ghost_cutin,Completed
204,clear-noon,ghost_cutin,Completed
205,cloudy-noon,ghost_cutin,Completed
206,rain-noon,ghost_cutin,Completed
207,snow-noon,ghost_cutin,Completed
208,clear-noon,ghost_cutin,Completed
209,cloudy-noon,ghost_cutin,Completed
210,rain-noon,ghost_cutin,Completed
211,snow-noon,ghost_cutin,Completed
212,clear-noon,ghost_cutin,Completed
213,cloudy-noon,ghost_cutin,Completed
214,rain-noon,ghost_cutin,Completed
215,snow-noon,ghost_cutin,Failed -- Accident
216,clear-noon,ghost_cutin,Completed
217,cloudy-noon,ghost_cutin,Completed
218,rain-noon,ghost_cutin,Failed -- Accident
219,snow-noon,ghost_cutin,Failed -- Accident
220,clear-noon,ghost_cutin,Completed
221,cloudy-noon,ghost_cutin,Completed
222,rain-noon,ghost_cutin,Completed
223,snow-noon,ghost_cutin,Completed
224,clear-noon,ghost_cutin,Completed
225,cloudy-noon,ghost_cutin,Failed -- Simulator crashed
226,rain-noon,ghost_cutin,Completed
227,snow-noon,ghost_cutin,Completed
228,clear-noon,ghost_cutin,Completed
229,cloudy-noon,ghost_cutin,Completed
230,rain-noon,ghost_cutin,Completed
231,snow-noon,ghost_cutin,Completed
232,clear-noon,ghost_cutin,Completed
233,cloudy-noon,ghost_cutin,Completed
234,rain-noon,ghost_cutin,Completed
235,snow-noon,ghost_cutin,Completed
236,clear-noon,ghost_cutin,Completed
237,cloudy-noon,ghost_cutin,Completed
238,rain-noon,ghost_cutin,Completed
239,snow-noon,ghost_cutin,Completed
240,clear-noon,ghost_cutin,Completed
241,cloudy-noon,ghost_cutin,Completed
242,rain-noon,ghost_cutin,Completed
243,snow-noon,ghost_cutin,Completed
244,clear-noon,ghost_cutin,Completed
245,cloudy-noon,ghost_cutin,Completed
246,rain-noon,ghost_cutin,Completed
247,snow-noon,ghost_cutin,Completed
248,clear-noon,ghost_cutin,Completed
249,cloudy-noon,ghost_cutin,Completed
250,rain-noon,ghost_cutin,Completed
251,snow-noon,ghost_cutin,Completed
252,clear-noon,ghost_cutin,Completed
253,cloudy-noon,ghost_cutin,Failed -- Simulator crashed
254,rain-noon,ghost_cutin,Completed
255,snow-noon,ghost_cutin,Completed
256,clear-noon,ghost_cutin,Completed
257,cloudy-noon,ghost_cutin,Completed
258,rain-noon,ghost_cutin,Completed
259,snow-noon,ghost_cutin,Completed
260,clear-noon,ghost_cutin,Completed
261,cloudy-noon,ghost_cutin,Failed -- Accident
262,rain-noon,ghost_cutin,Completed
263,snow-noon,ghost_cutin,Completed
264,clear-noon,ghost_cutin,Completed
265,cloudy-noon,ghost_cutin,Completed
266,rain-noon,ghost_cutin,Completed
267,snow-noon,ghost_cutin,Completed
268,clear-noon,ghost_cutin,Completed
269,cloudy-noon,ghost_cutin,Completed
270,rain-noon,ghost_cutin,Completed
271,snow-noon,ghost_cutin,Completed
272,clear-noon,ghost_cutin,Completed
273,cloudy-noon,ghost_cutin,Completed
274,rain-noon,ghost_cutin,Completed
275,snow-noon,ghost_cutin,Completed
276,clear-noon,ghost_cutin,Completed
277,cloudy-noon,ghost_cutin,Completed
278,rain-noon,ghost_cutin,Completed
279,snow-noon,ghost_cutin,Failed -- Accident
280,clear-noon,ghost_cutin,Completed
281,cloudy-noon,ghost_cutin,Completed
282,rain-noon,ghost_cutin,Completed
283,snow-noon,ghost_cutin,Completed
284,clear-noon,ghost_cutin,Completed
285,cloudy-noon,ghost_cutin,Completed
286,rain-noon,ghost_cutin,Completed
287,snow-noon,ghost_cutin,Failed -- Accident
288,clear-noon,ghost_cutin,Completed
289,cloudy-noon,ghost_cutin,Completed
290,rain-noon,ghost_cutin,Completed
291,snow-noon,ghost_cutin,Completed
292,clear-noon,ghost_cutin,Completed
293,cloudy-noon,ghost_cutin,Completed
294,rain-noon,ghost_cutin,Completed
295,snow-noon,ghost_cutin,Completed
296,clear-noon,ghost_cutin,Completed
297,cloudy-noon,ghost_cutin,Completed
298,rain-noon,ghost_cutin,Completed
299,snow-noon,ghost_cutin,Completed
300,clear-noon,ghost_cutin,Completed
301,cloudy-noon,ghost_cutin,Completed
302,rain-noon,ghost_cutin,Completed
303,snow-noon,ghost_cutin,Completed
304,clear-noon,ghost_cutin,Completed
305,cloudy-noon,ghost_cutin,Failed -- Accident
306,rain-noon,ghost_cutin,Completed
307,snow-noon,ghost_cutin,Completed
308,clear-noon,ghost_cutin,Completed
309,cloudy-noon,ghost_cutin,Completed
310,rain-noon,ghost_cutin,Completed
311,snow-noon,ghost_cutin,Completed
312,clear-noon,ghost_cutin,Completed
313,cloudy-noon,ghost_cutin,Completed
314,rain-noon,ghost_cutin,Completed
315,snow-noon,ghost_cutin,Completed
316,clear-noon,ghost_cutin,Completed
317,cloudy-noon,ghost_cutin,Completed
318,rain-noon,ghost_cutin,Completed
319,snow-noon,ghost_cutin,Completed
320,clear-noon,ghost_cutin,Completed
321,cloudy-noon,ghost_cutin,Completed
322,rain-noon,ghost_cutin,Failed -- Simulator crashed
323,snow-noon,ghost_cutin,Failed -- Accident
324,clear-noon,ghost_cutin,Completed
325,cloudy-noon,ghost_cutin,Completed
326,rain-noon,ghost_cutin,Completed
327,snow-noon,ghost_cutin,Completed
328,clear-noon,ghost_cutin,Completed
329,cloudy-noon,ghost_cutin,Completed
330,rain-noon,ghost_cutin,Completed
331,snow-noon,ghost_cutin,Completed
332,clear-noon,ghost_cutin,Completed
333,cloudy-noon,ghost_cutin,Completed
334,rain-noon,ghost_cutin,Failed -- Accident
335,snow-noon,ghost_cutin,Completed
336,clear-noon,ghost_cutin,Completed
337,cloudy-noon,ghost_cutin,Completed
338,rain-noon,ghost_cutin,Completed
339,snow-noon,ghost_cutin,Completed
340,clear-noon,ghost_cutin,Completed
341,cloudy-noon,ghost_cutin,Completed
342,rain-noon,ghost_cutin,Completed
343,snow-noon,ghost_cutin,Failed -- Accident
344,clear-noon,ghost_cutin,Completed
345,cloudy-noon,ghost_cutin,Completed
346,rain-noon,ghost_cutin,Failed -- Accident
347,snow-noon,ghost_cutin,Completed
348,clear-noon,ghost_cutin,Completed
349,cloudy-noon,ghost_cutin,Completed
350,rain-noon,ghost_cutin,Completed
351,snow-noon,ghost_cutin,Completed
352,clear-noon,ghost_cutin,Completed
353,cloudy-noon,ghost_cutin,Completed
354,rain-noon,ghost_cutin,Failed -- Accident
355,snow-noon,ghost_cutin,Completed
356,clear-noon,ghost_cutin,Completed
357,cloudy-noon,ghost_cutin,Completed
358,rain-noon,ghost_cutin,Failed -- Accident
359,snow-noon,ghost_cutin,Completed
360,clear-noon,ghost_cutin,Completed
361,cloudy-noon,ghost_cutin,Completed
362,rain-noon,ghost_cutin,Completed
363,snow-noon,ghost_cutin,Completed
364,clear-noon,ghost_cutin,Completed
365,cloudy-noon,ghost_cutin,Failed -- Accident
366,rain-noon,ghost_cutin,Completed
367,snow-noon,ghost_cutin,Completed
368,clear-noon,ghost_cutin,Completed
369,cloudy-noon,ghost_cutin,Completed
370,rain-noon,ghost_cutin,Completed
371,snow-noon,ghost_cutin,Completed
372,clear-noon,ghost_cutin,Completed
373,cloudy-noon,ghost_cutin,Completed
374,rain-noon,ghost_cutin,Failed -- Accident
375,snow-noon,ghost_cutin,Completed
376,clear-noon,ghost_cutin,Completed
377,cloudy-noon,ghost_cutin,Completed
378,rain-noon,ghost_cutin,Completed
379,snow-noon,ghost_cutin,Completed
380,clear-noon,ghost_cutin,Completed
381,cloudy-noon,ghost_cutin,Completed
382,rain-noon,ghost_cutin,Completed
383,snow-noon,ghost_cutin,Completed
384,clear-noon,ghost_cutin,Completed
385,cloudy-noon,ghost_cutin,Completed
386,rain-noon,ghost_cutin,Completed
387,snow-noon,ghost_cutin,Completed
388,clear-noon,ghost_cutin,Failed -- Accident
389,cloudy-noon,ghost_cutin,Completed
390,rain-noon,ghost_cutin,Completed
391,snow-noon,ghost_cutin,Completed
392,clear-noon,ghost_cutin,Completed
393,cloudy-noon,ghost_cutin,Completed
394,rain-noon,ghost_cutin,Completed
395,snow-noon,ghost_cutin,Failed -- Accident
396,clear-noon,ghost_cutin,Completed
397,cloudy-noon,ghost_cutin,Completed
398,rain-noon,ghost_cutin,Failed -- Accident
399,snow-noon,ghost_cutin,Completed
400,clear-noon,ghost_cutin,Completed
401,cloudy-noon,ghost_cutin,Completed
402,rain-noon,ghost_cutin,Completed
403,snow-noon,ghost_cutin,Completed
404,clear-noon,ghost_cutin,Completed
405,cloudy-noon,ghost_cutin,Completed
406,rain-noon,ghost_cutin,Failed -- Accident
407,snow-noon,ghost_cutin,Failed -- Accident
408,clear-noon,ghost_cutin,Completed
409,cloudy-noon,ghost_cutin,Completed
410,rain-noon,ghost_cutin,Completed
411,snow-noon,ghost_cutin,Failed -- Accident
412,clear-noon,ghost_cutin,Completed
413,cloudy-noon,ghost_cutin,Completed
414,rain-noon,ghost_cutin,Completed
415,snow-noon,ghost_cutin,Failed -- Accident
416,clear-noon,ghost_cutin,Completed
417,cloudy-noon,ghost_cutin,Completed
418,rain-noon,ghost_cutin,Completed
419,snow-noon,ghost_cutin,Completed
420,clear-noon,ghost_cutin,Completed
421,cloudy-noon,ghost_cutin,Completed
422,rain-noon,ghost_cutin,Completed
423,snow-noon,ghost_cutin,Completed
424,clear-noon,ghost_cutin,Completed
425,cloudy-noon,ghost_cutin,Completed
426,rain-noon,ghost_cutin,Failed -- Accident
427,snow-noon,ghost_cutin,Completed
428,clear-noon,ghost_cutin,Completed
429,cloudy-noon,ghost_cutin,Completed
430,rain-noon,ghost_cutin,Completed
431,snow-noon,ghost_cutin,Completed
432,clear-noon,ghost_cutin,Completed
433,cloudy-noon,ghost_cutin,Completed
434,rain-noon,ghost_cutin,Completed
435,snow-noon,ghost_cutin,Completed
436,clear-noon,ghost_cutin,Completed
437,cloudy-noon,ghost_cutin,Completed
438,rain-noon,ghost_cutin,Completed
439,snow-noon,ghost_cutin,Completed
440,clear-noon,ghost_cutin,Completed
441,cloudy-noon,ghost_cutin,Completed
442,rain-noon,ghost_cutin,Failed -- Accident
443,snow-noon,ghost_cutin,Completed
444,clear-noon,ghost_cutin,Completed
445,cloudy-noon,ghost_cutin,Completed
446,rain-noon,ghost_cutin,Completed
447,snow-noon,ghost_cutin,Completed
448,clear-noon,ghost_cutin,Completed
449,cloudy-noon,ghost_cutin,Completed
450,rain-noon,ghost_cutin,Completed
451,snow-noon,ghost_cutin,Completed
452,clear-noon,ghost_cutin,Completed
453,cloudy-noon,ghost_cutin,Completed
454,rain-noon,ghost_cutin,Failed -- Accident
455,snow-noon,ghost_cutin,Completed
456,clear-noon,ghost_cutin,Completed
457,cloudy-noon,ghost_cutin,Completed
458,rain-noon,ghost_cutin,Completed
459,snow-noon,ghost_cutin,Completed
460,clear-noon,ghost_cutin,Completed
461,cloudy-noon,ghost_cutin,Completed
462,rain-noon,ghost_cutin,Completed
463,snow-noon,ghost_cutin,Completed
464,clear-noon,ghost_cutin,Completed
465,cloudy-noon,ghost_cutin,Completed
466,rain-noon,ghost_cutin,Completed
467,snow-noon,ghost_cutin,Completed
468,clear-noon,ghost_cutin,Completed
469,cloudy-noon,ghost_cutin,Completed
470,rain-noon,ghost_cutin,Completed
471,snow-noon,ghost_cutin,Completed
472,clear-noon,ghost_cutin,Completed
473,cloudy-noon,ghost_cutin,Completed
474,rain-noon,ghost_cutin,Completed
475,snow-noon,ghost_cutin,Failed -- Accident
476,clear-noon,ghost_cutin,Completed
477,cloudy-noon,ghost_cutin,Completed
478,rain-noon,ghost_cutin,Completed
479,snow-noon,ghost_cutin,Completed
480,clear-noon,ghost_cutin,Completed
481,cloudy-noon,ghost_cutin,Completed
482,rain-noon,ghost_cutin,Completed
483,snow-noon,ghost_cutin,Completed
484,clear-noon,ghost_cutin,Completed
485,cloudy-noon,ghost_cutin,Completed
486,rain-noon,ghost_cutin,Failed -- Accident
487,snow-noon,ghost_cutin,Completed
488,clear-noon,ghost_cutin,Completed
489,cloudy-noon,ghost_cutin,Completed
490,rain-noon,ghost_cutin,Completed
491,snow-noon,ghost_cutin,Completed
492,clear-noon,ghost_cutin,Completed
493,cloudy-noon,ghost_cutin,Completed
494,rain-noon,ghost_cutin,Completed
495,snow-noon,ghost_cutin,Completed
496,clear-noon,ghost_cutin,Completed
497,cloudy-noon,ghost_cutin,Completed
498,rain-noon,ghost_cutin,Completed
499,snow-noon,ghost_cutin,Completed
500,clear-noon,ghost_cutin,Completed
501,cloudy-noon,ghost_cutin,Completed
502,rain-noon,ghost_cutin,Completed
503,snow-noon,ghost_cutin,Completed
504,clear-noon,ghost_cutin,Completed
505,cloudy-noon,ghost_cutin,Completed
506,rain-noon,ghost_cutin,Completed
507,snow-noon,ghost_cutin,Failed -- Accident
508,clear-noon,ghost_cutin,Completed
509,cloudy-noon,ghost_cutin,Completed
510,rain-noon,ghost_cutin,Completed
511,snow-noon,ghost_cutin,Completed
512,clear-noon,ghost_cutin,Completed
513,cloudy-noon,ghost_cutin,Completed
514,rain-noon,ghost_cutin,Completed
515,snow-noon,ghost_cutin,Completed
516,clear-noon,ghost_cutin,Completed
517,cloudy-noon,ghost_cutin,Failed -- Simulator crashed
518,rain-noon,ghost_cutin,Failed -- Accident
519,snow-noon,ghost_cutin,Failed -- Accident
520,clear-noon,ghost_cutin,Completed
521,cloudy-noon,ghost_cutin,Completed
522,rain-noon,ghost_cutin,Completed
523,snow-noon,ghost_cutin,Completed
524,clear-noon,ghost_cutin,Failed -- Simulator crashed
525,cloudy-noon,ghost_cutin,Completed
526,rain-noon,ghost_cutin,Completed
527,snow-noon,ghost_cutin,Completed
528,clear-noon,ghost_cutin,Completed
529,cloudy-noon,ghost_cutin,Completed
530,rain-noon,ghost_cutin,Failed -- Accident
531,snow-noon,ghost_cutin,Failed -- Accident
532,clear-noon,ghost_cutin,Completed
533,cloudy-noon,ghost_cutin,Completed
534,rain-noon,ghost_cutin,Completed
535,snow-noon,ghost_cutin,Completed
536,clear-noon,ghost_cutin,Completed
537,cloudy-noon,ghost_cutin,Completed
538,rain-noon,ghost_cutin,Completed
539,snow-noon,ghost_cutin,Completed
540,clear-noon,ghost_cutin,Completed
541,cloudy-noon,ghost_cutin,Completed
542,rain-noon,ghost_cutin,Failed -- Accident
543,snow-noon,ghost_cutin,Failed -- Accident
544,clear-noon,ghost_cutin,Completed
545,cloudy-noon,ghost_cutin,Completed
546,rain-noon,ghost_cutin,Failed -- Accident
547,snow-noon,ghost_cutin,Completed
548,clear-noon,ghost_cutin,Completed
549,cloudy-noon,ghost_cutin,Completed
550,rain-noon,ghost_cutin,Completed
551,snow-noon,ghost_cutin,Completed
552,clear-noon,ghost_cutin,Completed
553,cloudy-noon,ghost_cutin,Completed
554,rain-noon,ghost_cutin,Completed
555,snow-noon,ghost_cutin,Completed
556,clear-noon,ghost_cutin,Completed
557,cloudy-noon,ghost_cutin,Completed
558,rain-noon,ghost_cutin,Completed
559,snow-noon,ghost_cutin,Completed
560,clear-noon,ghost_cutin,Completed
561,cloudy-noon,ghost_cutin,Completed
562,rain-noon,ghost_cutin,Completed
563,snow-noon,ghost_cutin,Completed
564,clear-noon,ghost_cutin,Completed
565,cloudy-noon,ghost_cutin,Completed
566,rain-noon,ghost_cutin,Completed
567,snow-noon,ghost_cutin,Failed -- Accident
568,clear-noon,ghost_cutin,Completed
569,cloudy-noon,ghost_cutin,Completed
570,rain-noon,ghost_cutin,Completed
571,snow-noon,ghost_cutin,Completed
572,clear-noon,ghost_cutin,Completed
573,cloudy-noon,ghost_cutin,Completed
574,rain-noon,ghost_cutin,Failed -- Accident
575,snow-noon,ghost_cutin,Completed
576,clear-noon,ghost_cutin,Completed
577,cloudy-noon,ghost_cutin,Completed
578,rain-noon,ghost_cutin,Completed
579,snow-noon,ghost_cutin,Completed
580,clear-noon,ghost_cutin,Completed
581,cloudy-noon,ghost_cutin,Completed
582,rain-noon,ghost_cutin,Failed -- Accident
583,snow-noon,ghost_cutin,Completed
584,clear-noon,ghost_cutin,Completed
585,cloudy-noon,ghost_cutin,Completed
586,rain-noon,ghost_cutin,Completed
587,snow-noon,ghost_cutin,Completed
588,clear-noon,ghost_cutin,Completed
589,cloudy-noon,ghost_cutin,Completed
590,rain-noon,ghost_cutin,Completed
591,snow-noon,ghost_cutin,Completed
592,clear-noon,ghost_cutin,Completed
593,cloudy-noon,ghost_cutin,Completed
594,rain-noon,ghost_cutin,Failed -- Accident
595,snow-noon,ghost_cutin,Completed
596,clear-noon,ghost_cutin,Completed
597,cloudy-noon,ghost_cutin,Completed
598,rain-noon,ghost_cutin,Completed
599,snow-noon,ghost_cutin,Completed
600,clear-noon,ghost_cutin,Completed
601,cloudy-noon,ghost_cutin,Completed
602,rain-noon,ghost_cutin,Completed
603,snow-noon,ghost_cutin,Completed
604,clear-noon,ghost_cutin,Completed
605,cloudy-noon,ghost_cutin,Completed
606,rain-noon,ghost_cutin,Completed
607,snow-noon,ghost_cutin,Completed
608,clear-noon,ghost_cutin,Completed
609,cloudy-noon,ghost_cutin,Completed
610,rain-noon,ghost_cutin,Completed
611,snow-noon,ghost_cutin,Completed
612,clear-noon,ghost_cutin,Completed
613,cloudy-noon,ghost_cutin,Completed
614,rain-noon,ghost_cutin,Completed
615,snow-noon,ghost_cutin,Completed
616,clear-noon,ghost_cutin,Completed
617,cloudy-noon,ghost_cutin,Completed
618,rain-noon,ghost_cutin,Completed
619,snow-noon,ghost_cutin,Completed
620,clear-noon,ghost_cutin,Completed
621,cloudy-noon,ghost_cutin,Completed
622,rain-noon,ghost_cutin,Completed
623,snow-noon,ghost_cutin,Completed
624,clear-noon,ghost_cutin,Completed
625,cloudy-noon,ghost_cutin,Completed
626,rain-noon,ghost_cutin,Completed
627,snow-noon,ghost_cutin,Completed
628,clear-noon,ghost_cutin,Completed
629,cloudy-noon,ghost_cutin,Completed
630,rain-noon,ghost_cutin,Completed
631,snow-noon,ghost_cutin,Failed -- Accident
632,clear-noon,ghost_cutin,Completed
633,cloudy-noon,ghost_cutin,Completed
634,rain-noon,ghost_cutin,Completed
635,snow-noon,ghost_cutin,Failed -- Accident
636,clear-noon,ghost_cutin,Completed
637,cloudy-noon,ghost_cutin,Completed
638,rain-noon,ghost_cutin,Completed
639,snow-noon,ghost_cutin,Failed -- Accident
640,clear-noon,ghost_cutin,Completed
641,cloudy-noon,ghost_cutin,Completed
642,rain-noon,ghost_cutin,Completed
643,snow-noon,ghost_cutin,Completed
644,clear-noon,ghost_cutin,Completed
645,cloudy-noon,ghost_cutin,Completed
646,rain-noon,ghost_cutin,Completed
647,snow-noon,ghost_cutin,Completed
648,clear-noon,ghost_cutin,Completed
649,cloudy-noon,ghost_cutin,Completed
650,rain-noon,ghost_cutin,Completed
651,snow-noon,ghost_cutin,Completed
652,clear-noon,ghost_cutin,Completed
653,cloudy-noon,ghost_cutin,Completed
654,rain-noon,ghost_cutin,Failed -- Accident
655,snow-noon,ghost_cutin,Completed
656,clear-noon,ghost_cutin,Completed
657,cloudy-noon,ghost_cutin,Completed
658,rain-noon,ghost_cutin,Completed
659,snow-noon,ghost_cutin,Completed
660,clear-noon,ghost_cutin,Completed
661,cloudy-noon,ghost_cutin,Completed
662,rain-noon,ghost_cutin,Completed
663,snow-noon,ghost_cutin,Completed
664,clear-noon,ghost_cutin,Failed -- Simulator crashed
665,cloudy-noon,ghost_cutin,Completed
666,rain-noon,ghost_cutin,Completed
667,snow-noon,ghost_cutin,Completed
668,clear-noon,ghost_cutin,Completed
669,cloudy-noon,ghost_cutin,Completed
670,rain-noon,ghost_cutin,Completed
671,snow-noon,ghost_cutin,Completed
672,clear-noon,ghost_cutin,Completed
673,cloudy-noon,ghost_cutin,Completed
674,rain-noon,ghost_cutin,Completed
675,snow-noon,ghost_cutin,Completed
676,clear-noon,ghost_cutin,Completed
677,cloudy-noon,ghost_cutin,Completed
678,rain-noon,ghost_cutin,Failed -- Accident
679,snow-noon,ghost_cutin,Completed
680,clear-noon,ghost_cutin,Completed
681,cloudy-noon,ghost_cutin,Completed
682,rain-noon,ghost_cutin,Completed
683,snow-noon,ghost_cutin,Completed
684,clear-noon,ghost_cutin,Completed
685,cloudy-noon,ghost_cutin,Failed -- Accident
686,rain-noon,ghost_cutin,Failed -- Accident
687,snow-noon,ghost_cutin,Completed
688,clear-noon,ghost_cutin,Completed
689,cloudy-noon,ghost_cutin,Completed
690,rain-noon,ghost_cutin,Completed
691,snow-noon,ghost_cutin,Completed
692,clear-noon,ghost_cutin,Completed
693,cloudy-noon,ghost_cutin,Completed
694,rain-noon,ghost_cutin,Failed -- Accident
695,snow-noon,ghost_cutin,Completed
696,clear-noon,ghost_cutin,Completed
697,cloudy-noon,ghost_cutin,Completed
698,rain-noon,ghost_cutin,Completed
699,snow-noon,ghost_cutin,Completed
700,clear-noon,ghost_cutin,Completed
701,cloudy-noon,ghost_cutin,Completed
702,rain-noon,ghost_cutin,Completed
703,snow-noon,ghost_cutin,Completed
704,clear-noon,ghost_cutin,Completed
705,cloudy-noon,ghost_cutin,Completed
706,rain-noon,ghost_cutin,Completed
707,snow-noon,ghost_cutin,Completed
708,clear-noon,ghost_cutin,Completed
709,cloudy-noon,ghost_cutin,Completed
710,rain-noon,ghost_cutin,Completed
711,snow-noon,ghost_cutin,Completed
712,clear-noon,ghost_cutin,Completed
713,cloudy-noon,ghost_cutin,Completed
714,rain-noon,ghost_cutin,Completed
715,snow-noon,ghost_cutin,Failed -- Accident
716,clear-noon,ghost_cutin,Completed
717,cloudy-noon,ghost_cutin,Completed
718,rain-noon,ghost_cutin,Completed
719,snow-noon,ghost_cutin,Completed
720,clear-noon,ghost_cutin,Completed
721,cloudy-noon,ghost_cutin,Completed
722,rain-noon,ghost_cutin,Completed
723,snow-noon,ghost_cutin,Completed
724,clear-noon,ghost_cutin,Completed
725,cloudy-noon,ghost_cutin,Completed
726,rain-noon,ghost_cutin,Completed
727,snow-noon,ghost_cutin,Completed
728,clear-noon,ghost_cutin,Completed
729,cloudy-noon,ghost_cutin,Completed
730,rain-noon,ghost_cutin,Completed
731,snow-noon,ghost_cutin,Completed
732,clear-noon,ghost_cutin,Completed
733,cloudy-noon,ghost_cutin,Failed -- Accident
734,rain-noon,ghost_cutin,Failed -- Accident
735,snow-noon,ghost_cutin,Completed
736,clear-noon,ghost_cutin,Completed
737,cloudy-noon,ghost_cutin,Failed -- Accident
738,rain-noon,ghost_cutin,Completed
739,snow-noon,ghost_cutin,Failed -- Accident
740,clear-noon,ghost_cutin,Completed
741,cloudy-noon,ghost_cutin,Completed
742,rain-noon,ghost_cutin,Completed
743,snow-noon,ghost_cutin,Completed
744,clear-noon,ghost_cutin,Completed
745,cloudy-noon,ghost_cutin,Completed
746,rain-noon,ghost_cutin,Completed
747,snow-noon,ghost_cutin,Completed
748,clear-noon,ghost_cutin,Completed
749,cloudy-noon,ghost_cutin,Completed
750,rain-noon,ghost_cutin,Failed -- Accident
751,snow-noon,ghost_cutin,Completed
752,clear-noon,ghost_cutin,Completed
753,cloudy-noon,ghost_cutin,Completed
754,rain-noon,ghost_cutin,Completed
755,snow-noon,ghost_cutin,Completed
756,clear-noon,ghost_cutin,Completed
757,cloudy-noon,ghost_cutin,Completed
758,rain-noon,ghost_cutin,Completed
759,snow-noon,ghost_cutin,Completed
760,clear-noon,ghost_cutin,Completed
761,cloudy-noon,ghost_cutin,Completed
762,rain-noon,ghost_cutin,Completed
763,snow-noon,ghost_cutin,Failed -- Accident
764,clear-noon,ghost_cutin,Completed
765,cloudy-noon,ghost_cutin,Completed
766,rain-noon,ghost_cutin,Completed
767,snow-noon,ghost_cutin,Completed
768,clear-noon,ghost_cutin,Completed
769,cloudy-noon,ghost_cutin,Completed
770,rain-noon,ghost_cutin,Failed -- Accident
771,snow-noon,ghost_cutin,Completed
772,clear-noon,ghost_cutin,Completed
773,cloudy-noon,ghost_cutin,Completed
774,rain-noon,ghost_cutin,Failed -- Accident
775,snow-noon,ghost_cutin,Completed
776,clear-noon,ghost_cutin,Completed
777,cloudy-noon,ghost_cutin,Completed
778,rain-noon,ghost_cutin,Completed
779,snow-noon,ghost_cutin,Completed
780,clear-noon,ghost_cutin,Completed
781,cloudy-noon,ghost_cutin,Completed
782,rain-noon,ghost_cutin,Completed
783,snow-noon,ghost_cutin,Completed
784,clear-noon,ghost_cutin,Completed
785,cloudy-noon,ghost_cutin,Completed
786,rain-noon,ghost_cutin,Completed
787,snow-noon,ghost_cutin,Completed
788,clear-noon,ghost_cutin,Completed
789,cloudy-noon,ghost_cutin,Completed
790,rain-noon,ghost_cutin,Completed
791,snow-noon,ghost_cutin,Completed
792,clear-noon,ghost_cutin,Completed
793,cloudy-noon,ghost_cutin,Completed
794,rain-noon,ghost_cutin,Completed
795,snow-noon,ghost_cutin,Completed
796,clear-noon,ghost_cutin,Completed
797,cloudy-noon,ghost_cutin,Completed
798,rain-noon,ghost_cutin,Failed -- Accident
799,snow-noon,ghost_cutin,Completed
800,clear-noon,ghost_cutin,Completed
801,cloudy-noon,ghost_cutin,Completed
802,rain-noon,ghost_cutin,Completed
803,snow-noon,ghost_cutin,Failed -- Accident
804,clear-noon,ghost_cutin,Completed
805,cloudy-noon,ghost_cutin,Completed
806,rain-noon,ghost_cutin,Completed
807,snow-noon,ghost_cutin,Completed
808,clear-noon,ghost_cutin,Completed
809,cloudy-noon,ghost_cutin,Completed
810,rain-noon,ghost_cutin,Completed
811,snow-noon,ghost_cutin,Completed
812,clear-noon,ghost_cutin,Completed
813,cloudy-noon,ghost_cutin,Completed
814,rain-noon,ghost_cutin,Completed
815,snow-noon,ghost_cutin,Completed
816,clear-noon,ghost_cutin,Completed
817,cloudy-noon,ghost_cutin,Completed
818,rain-noon,ghost_cutin,Completed
819,snow-noon,ghost_cutin,Completed
820,clear-noon,ghost_cutin,Completed
821,cloudy-noon,ghost_cutin,Completed
822,rain-noon,ghost_cutin,Completed
823,snow-noon,ghost_cutin,Failed -- Accident
824,clear-noon,ghost_cutin,Completed
825,cloudy-noon,ghost_cutin,Completed
826,rain-noon,ghost_cutin,Completed
827,snow-noon,ghost_cutin,Completed
828,clear-noon,ghost_cutin,Completed
829,cloudy-noon,ghost_cutin,Completed
830,rain-noon,ghost_cutin,Completed
831,snow-noon,ghost_cutin,Completed
832,clear-noon,ghost_cutin,Completed
833,cloudy-noon,ghost_cutin,Completed
834,rain-noon,ghost_cutin,Completed
835,snow-noon,ghost_cutin,Completed
836,clear-noon,ghost_cutin,Completed
837,cloudy-noon,ghost_cutin,Completed
838,rain-noon,ghost_cutin,Failed -- Accident
839,snow-noon,ghost_cutin,Completed
840,clear-noon,ghost_cutin,Completed
841,cloudy-noon,ghost_cutin,Completed
842,rain-noon,ghost_cutin,Completed
843,snow-noon,ghost_cutin,Failed -- Accident
844,clear-noon,ghost_cutin,Completed
845,cloudy-noon,ghost_cutin,Completed
846,rain-noon,ghost_cutin,Completed
847,snow-noon,ghost_cutin,Completed
848,clear-noon,ghost_cutin,Completed
849,cloudy-noon,ghost_cutin,Completed
850,rain-noon,ghost_cutin,Completed
851,snow-noon,ghost_cutin,Completed
852,clear-noon,ghost_cutin,Completed
853,cloudy-noon,ghost_cutin,Completed
854,rain-noon,ghost_cutin,Completed
855,snow-noon,ghost_cutin,Completed
856,clear-noon,ghost_cutin,Completed
857,cloudy-noon,ghost_cutin,Completed
858,rain-noon,ghost_cutin,Completed
859,snow-noon,ghost_cutin,Failed -- Accident
860,clear-noon,ghost_cutin,Completed
861,cloudy-noon,ghost_cutin,Completed
862,rain-noon,ghost_cutin,Failed -- Accident
863,snow-noon,ghost_cutin,Completed
864,clear-noon,ghost_cutin,Completed
865,cloudy-noon,ghost_cutin,Completed
866,rain-noon,ghost_cutin,Completed
867,snow-noon,ghost_cutin,Completed
868,clear-noon,ghost_cutin,Completed
869,cloudy-noon,ghost_cutin,Completed
870,rain-noon,ghost_cutin,Completed
871,snow-noon,ghost_cutin,Completed
872,clear-noon,ghost_cutin,Completed
873,cloudy-noon,ghost_cutin,Failed -- Accident
874,rain-noon,ghost_cutin,Completed
875,snow-noon,ghost_cutin,Completed
876,clear-noon,ghost_cutin,Completed
877,cloudy-noon,ghost_cutin,Completed
878,rain-noon,ghost_cutin,Completed
879,snow-noon,ghost_cutin,Completed
880,clear-noon,ghost_cutin,Completed
881,cloudy-noon,ghost_cutin,Completed
882,rain-noon,ghost_cutin,Completed
883,snow-noon,ghost_cutin,Completed
884,clear-noon,ghost_cutin,Completed
885,cloudy-noon,ghost_cutin,Completed
886,rain-noon,ghost_cutin,Completed
887,snow-noon,ghost_cutin,Completed
888,clear-noon,ghost_cutin,Completed
889,cloudy-noon,ghost_cutin,Completed
890,rain-noon,ghost_cutin,Completed
891,snow-noon,ghost_cutin,Completed
892,clear-noon,ghost_cutin,Completed
893,cloudy-noon,ghost_cutin,Completed
894,rain-noon,ghost_cutin,Completed
895,snow-noon,ghost_cutin,Failed -- Accident
896,clear-noon,ghost_cutin,Completed
897,cloudy-noon,ghost_cutin,Completed
898,rain-noon,ghost_cutin,Completed
899,snow-noon,ghost_cutin,Completed
900,clear-noon,ghost_cutin,Completed
901,cloudy-noon,ghost_cutin,Completed
902,rain-noon,ghost_cutin,Completed
903,snow-noon,ghost_cutin,Completed
904,clear-noon,ghost_cutin,Completed
905,cloudy-noon,ghost_cutin,Completed
906,rain-noon,ghost_cutin,Completed
907,snow-noon,ghost_cutin,Completed
908,clear-noon,ghost_cutin,Completed
909,cloudy-noon,ghost_cutin,Completed
910,rain-noon,ghost_cutin,Failed -- Accident
911,snow-noon,ghost_cutin,Completed
912,clear-noon,ghost_cutin,Completed
913,cloudy-noon,ghost_cutin,Completed
914,rain-noon,ghost_cutin,Failed -- Accident
915,snow-noon,ghost_cutin,Failed -- Accident
916,clear-noon,ghost_cutin,Completed
917,cloudy-noon,ghost_cutin,Completed
918,rain-noon,ghost_cutin,Completed
919,snow-noon,ghost_cutin,Completed
920,clear-noon,ghost_cutin,Completed
921,cloudy-noon,ghost_cutin,Completed
922,rain-noon,ghost_cutin,Completed
923,snow-noon,ghost_cutin,Completed
924,clear-noon,ghost_cutin,Completed
925,cloudy-noon,ghost_cutin,Completed
926,rain-noon,ghost_cutin,Completed
927,snow-noon,ghost_cutin,Failed -- Accident
928,clear-noon,ghost_cutin,Completed
929,cloudy-noon,ghost_cutin,Completed
930,rain-noon,ghost_cutin,Completed
931,snow-noon,ghost_cutin,Failed -- Accident
932,clear-noon,ghost_cutin,Completed
933,cloudy-noon,ghost_cutin,Completed
934,rain-noon,ghost_cutin,Completed
935,snow-noon,ghost_cutin,Completed
936,clear-noon,ghost_cutin,Completed
937,cloudy-noon,ghost_cutin,Completed
938,rain-noon,ghost_cutin,Completed
939,snow-noon,ghost_cutin,Completed
940,clear-noon,ghost_cutin,Completed
941,cloudy-noon,ghost_cutin,Completed
942,rain-noon,ghost_cutin,Completed
943,snow-noon,ghost_cutin,Completed
944,clear-noon,ghost_cutin,Completed
945,cloudy-noon,ghost_cutin,Completed
946,rain-noon,ghost_cutin,Completed
947,snow-noon,ghost_cutin,Completed
948,clear-noon,ghost_cutin,Completed
949,cloudy-noon,ghost_cutin,Completed
950,rain-noon,ghost_cutin,Completed
951,snow-noon,ghost_cutin,Failed -- Accident
952,clear-noon,ghost_cutin,Completed
953,cloudy-noon,ghost_cutin,Completed
954,rain-noon,ghost_cutin,Completed
955,snow-noon,ghost_cutin,Completed
956,clear-noon,ghost_cutin,Completed
957,cloudy-noon,ghost_cutin,Completed
958,rain-noon,ghost_cutin,Completed
959,snow-noon,ghost_cutin,Completed
960,clear-noon,ghost_cutin,Completed
961,cloudy-noon,ghost_cutin,Completed
962,rain-noon,ghost_cutin,Failed -- Accident
963,snow-noon,ghost_cutin,Completed
964,clear-noon,ghost_cutin,Completed
965,cloudy-noon,ghost_cutin,Completed
966,rain-noon,ghost_cutin,Completed
967,snow-noon,ghost_cutin,Completed
968,clear-noon,ghost_cutin,Completed
969,cloudy-noon,ghost_cutin,Completed
970,rain-noon,ghost_cutin,Completed
971,snow-noon,ghost_cutin,Failed -- Accident
972,clear-noon,ghost_cutin,Completed
973,cloudy-noon,ghost_cutin,Completed
974,rain-noon,ghost_cutin,Completed
975,snow-noon,ghost_cutin,Completed
976,clear-noon,ghost_cutin,Completed
977,cloudy-noon,ghost_cutin,Completed
978,rain-noon,ghost_cutin,Completed
979,snow-noon,ghost_cutin,Completed
980,clear-noon,ghost_cutin,Completed
981,cloudy-noon,ghost_cutin,Completed
982,rain-noon,ghost_cutin,Completed
983,snow-noon,ghost_cutin,Completed
984,clear-noon,ghost_cutin,Completed
985,cloudy-noon,ghost_cutin,Completed
986,rain-noon,ghost_cutin,Completed
987,snow-noon,ghost_cutin,Completed
988,clear-noon,ghost_cutin,Completed
989,cloudy-noon,ghost_cutin,Completed
990,rain-noon,ghost_cutin,Completed
991,snow-noon,ghost_cutin,Completed
992,clear-noon,ghost_cutin,Completed
993,cloudy-noon,ghost_cutin,Completed
994,rain-noon,ghost_cutin,Completed
995,snow-noon,ghost_cutin,Completed
996,clear-noon,ghost_cutin,Completed
997,cloudy-noon,ghost_cutin,Completed
998,rain-noon,ghost_cutin,Completed
999,snow-noon,ghost_cutin,Completed
1000,clear-noon,ghost_cutin,Completed
1001,cloudy-noon,ghost_cutin,Completed
1002,rain-noon,ghost_cutin,Completed
1003,snow-noon,ghost_cutin,Completed
1004,clear-noon,ghost_cutin,Completed
1005,cloudy-noon,ghost_cutin,Completed
1006,rain-noon,ghost_cutin,Completed
1007,snow-noon,ghost_cutin,Completed
1008,clear-noon,ghost_cutin,Failed -- Simulator crashed
1009,cloudy-noon,ghost_cutin,Completed
1010,rain-noon,ghost_cutin,Completed
1011,snow-noon,ghost_cutin,Completed
1012,clear-noon,ghost_cutin,Completed
1013,cloudy-noon,ghost_cutin,Completed
1014,rain-noon,ghost_cutin,Failed -- Accident
1015,snow-noon,ghost_cutin,Failed -- Accident
1016,clear-noon,ghost_cutin,Completed
1017,cloudy-noon,ghost_cutin,Completed
1018,rain-noon,ghost_cutin,Completed
1019,snow-noon,ghost_cutin,Completed
1020,clear-noon,ghost_cutin,Completed
1021,cloudy-noon,ghost_cutin,Completed
1022,rain-noon,ghost_cutin,Completed
1023,snow-noon,ghost_cutin,Completed
1024,clear-noon,ghost_cutin,Completed
1025,cloudy-noon,ghost_cutin,Completed
1026,rain-noon,ghost_cutin,Completed
1027,snow-noon,ghost_cutin,Completed
1028,clear-noon,ghost_cutin,Completed
1029,cloudy-noon,ghost_cutin,Completed
1030,rain-noon,ghost_cutin,Completed
1031,snow-noon,ghost_cutin,Failed -- Accident
1032,clear-noon,ghost_cutin,Completed
1033,cloudy-noon,ghost_cutin,Completed
1034,rain-noon,ghost_cutin,Completed
1035,snow-noon,ghost_cutin,Completed
1036,clear-noon,ghost_cutin,Completed
1037,cloudy-noon,ghost_cutin,Completed
1038,rain-noon,ghost_cutin,Failed -- Accident
1039,snow-noon,ghost_cutin,Failed -- Accident
1040,clear-noon,ghost_cutin,Completed
1041,cloudy-noon,ghost_cutin,Completed
1042,rain-noon,ghost_cutin,Completed
1043,snow-noon,ghost_cutin,Completed
1044,clear-noon,ghost_cutin,Completed
1045,cloudy-noon,ghost_cutin,Completed
1046,rain-noon,ghost_cutin,Failed -- Accident
1047,snow-noon,ghost_cutin,Completed
1048,clear-noon,ghost_cutin,Completed
1049,cloudy-noon,ghost_cutin,Completed
1050,rain-noon,ghost_cutin,Completed
1051,snow-noon,ghost_cutin,Completed
1052,clear-noon,ghost_cutin,Completed
1053,cloudy-noon,ghost_cutin,Completed
1054,rain-noon,ghost_cutin,Completed
1055,snow-noon,ghost_cutin,Failed -- Accident
1056,clear-noon,ghost_cutin,Completed
1057,cloudy-noon,ghost_cutin,Completed
1058,rain-noon,ghost_cutin,Completed
1059,snow-noon,ghost_cutin,Completed
1060,clear-noon,ghost_cutin,Completed
1061,cloudy-noon,ghost_cutin,Completed
1062,rain-noon,ghost_cutin,Completed
1063,snow-noon,ghost_cutin,Completed
1064,clear-noon,ghost_cutin,Completed
1065,cloudy-noon,ghost_cutin,Completed
1066,rain-noon,ghost_cutin,Completed
1067,snow-noon,ghost_cutin,Failed -- Accident
1068,clear-noon,ghost_cutin,Completed
1069,cloudy-noon,ghost_cutin,Completed
1070,rain-noon,ghost_cutin,Completed
1071,snow-noon,ghost_cutin,Completed
1072,clear-noon,ghost_cutin,Completed
1073,cloudy-noon,ghost_cutin,Completed
1074,rain-noon,ghost_cutin,Completed
1075,snow-noon,ghost_cutin,Completed
1076,clear-noon,ghost_cutin,Completed
1077,cloudy-noon,ghost_cutin,Completed
1078,rain-noon,ghost_cutin,Completed
1079,snow-noon,ghost_cutin,Completed
1080,clear-noon,ghost_cutin,Completed
1081,cloudy-noon,ghost_cutin,Completed
1082,rain-noon,ghost_cutin,Completed
1083,snow-noon,ghost_cutin,Completed
1084,clear-noon,ghost_cutin,Completed
1085,cloudy-noon,ghost_cutin,Completed
1086,rain-noon,ghost_cutin,Completed
1087,snow-noon,ghost_cutin,Completed
1088,clear-noon,ghost_cutin,Completed
1089,cloudy-noon,ghost_cutin,Completed
1090,rain-noon,ghost_cutin,Completed
1091,snow-noon,ghost_cutin,Failed -- Accident
1092,clear-noon,ghost_cutin,Completed
1093,cloudy-noon,ghost_cutin,Completed
1094,rain-noon,ghost_cutin,Completed
1095,snow-noon,ghost_cutin,Completed
1096,clear-noon,ghost_cutin,Completed
1097,cloudy-noon,ghost_cutin,Failed -- Accident
1098,rain-noon,ghost_cutin,Completed
1099,snow-noon,ghost_cutin,Completed
1100,clear-noon,ghost_cutin,Completed
1101,cloudy-noon,ghost_cutin,Completed
1102,rain-noon,ghost_cutin,Completed
1103,snow-noon,ghost_cutin,Completed
1104,clear-noon,ghost_cutin,Completed
1105,cloudy-noon,ghost_cutin,Completed
1106,rain-noon,ghost_cutin,Completed
1107,snow-noon,ghost_cutin,Completed
1108,clear-noon,ghost_cutin,Completed
1109,cloudy-noon,ghost_cutin,Completed
1110,rain-noon,ghost_cutin,Completed
1111,snow-noon,ghost_cutin,Completed
1112,clear-noon,ghost_cutin,Completed
1113,cloudy-noon,ghost_cutin,Completed
1114,rain-noon,ghost_cutin,Completed
1115,snow-noon,ghost_cutin,Completed
1116,clear-noon,ghost_cutin,Completed
1117,cloudy-noon,ghost_cutin,Completed
1118,rain-noon,ghost_cutin,Completed
1119,snow-noon,ghost_cutin,Completed
1120,clear-noon,ghost_cutin,Completed
1121,cloudy-noon,ghost_cutin,Completed
1122,rain-noon,ghost_cutin,Completed
1123,snow-noon,ghost_cutin,Completed
1124,clear-noon,ghost_cutin,Completed
1125,cloudy-noon,ghost_cutin,Completed
1126,rain-noon,ghost_cutin,Completed
1127,snow-noon,ghost_cutin,Completed
1128,clear-noon,ghost_cutin,Completed
1129,cloudy-noon,ghost_cutin,Completed
1130,rain-noon,ghost_cutin,Failed -- Accident
1131,snow-noon,ghost_cutin,Completed
1132,clear-noon,ghost_cutin,Completed
1133,cloudy-noon,ghost_cutin,Completed
1134,rain-noon,ghost_cutin,Failed -- Accident
1135,snow-noon,ghost_cutin,Failed -- Accident
1136,clear-noon,ghost_cutin,Completed
1137,cloudy-noon,ghost_cutin,Completed
1138,rain-noon,ghost_cutin,Failed -- Accident
1139,snow-noon,ghost_cutin,Completed
1140,clear-noon,ghost_cutin,Completed
1141,cloudy-noon,ghost_cutin,Completed
1142,rain-noon,ghost_cutin,Failed -- Accident
1143,snow-noon,ghost_cutin,Completed
1144,clear-noon,ghost_cutin,Completed
1145,cloudy-noon,ghost_cutin,Completed
1146,rain-noon,ghost_cutin,Completed
1147,snow-noon,ghost_cutin,Completed
1148,clear-noon,ghost_cutin,Completed
1149,cloudy-noon,ghost_cutin,Completed
1150,rain-noon,ghost_cutin,Completed
1151,snow-noon,ghost_cutin,Completed
1152,clear-noon,ghost_cutin,Completed
1153,cloudy-noon,ghost_cutin,Completed
1154,rain-noon,ghost_cutin,Completed
1155,snow-noon,ghost_cutin,Failed -- Accident
1156,clear-noon,ghost_cutin,Completed
1157,cloudy-noon,ghost_cutin,Completed
1158,rain-noon,ghost_cutin,Completed
1159,snow-noon,ghost_cutin,Completed
1160,clear-noon,ghost_cutin,Failed -- Accident
1161,cloudy-noon,ghost_cutin,Completed
1162,rain-noon,ghost_cutin,Completed
1163,snow-noon,ghost_cutin,Completed
1164,clear-noon,ghost_cutin,Completed
1165,cloudy-noon,ghost_cutin,Completed
1166,rain-noon,ghost_cutin,Failed -- Accident
1167,snow-noon,ghost_cutin,Completed
1168,clear-noon,ghost_cutin,Completed
1169,cloudy-noon,ghost_cutin,Completed
1170,rain-noon,ghost_cutin,Completed
1171,snow-noon,ghost_cutin,Failed -- Accident
1172,clear-noon,ghost_cutin,Completed
1173,cloudy-noon,ghost_cutin,Completed
1174,rain-noon,ghost_cutin,Completed
1175,snow-noon,ghost_cutin,Completed
1176,clear-noon,ghost_cutin,Completed
1177,cloudy-noon,ghost_cutin,Completed
1178,rain-noon,ghost_cutin,Completed
1179,snow-noon,ghost_cutin,Completed
1180,clear-noon,ghost_cutin,Failed -- Simulator crashed
1181,cloudy-noon,ghost_cutin,Completed
1182,rain-noon,ghost_cutin,Completed
1183,snow-noon,ghost_cutin,Failed -- Accident
1184,clear-noon,ghost_cutin,Completed
1185,cloudy-noon,ghost_cutin,Completed
1186,rain-noon,ghost_cutin,Completed
1187,snow-noon,ghost_cutin,Completed
1188,clear-noon,ghost_cutin,Completed
1189,cloudy-noon,ghost_cutin,Completed
1190,rain-noon,ghost_cutin,Completed
1191,snow-noon,ghost_cutin,Completed
1192,clear-noon,ghost_cutin,Completed
1193,cloudy-noon,ghost_cutin,Completed
1194,rain-noon,ghost_cutin,Completed
1195,snow-noon,ghost_cutin,Completed
1196,clear-noon,ghost_cutin,Completed
1197,cloudy-noon,ghost_cutin,Completed
1198,rain-noon,ghost_cutin,Completed
1199,snow-noon,ghost_cutin,Completed
1200,clear-noon,ghost_cutin,Completed
1201,cloudy-noon,ghost_cutin,Completed
1202,rain-noon,ghost_cutin,Completed
1203,snow-noon,ghost_cutin,Completed
1204,clear-noon,ghost_cutin,Completed
1205,cloudy-noon,ghost_cutin,Completed
1206,rain-noon,ghost_cutin,Completed
1207,snow-noon,ghost_cutin,Failed -- Accident
1208,clear-noon,ghost_cutin,Completed
1209,cloudy-noon,ghost_cutin,Completed
1210,rain-noon,ghost_cutin,Completed
1211,snow-noon,ghost_cutin,Completed
1212,clear-noon,ghost_cutin,Failed -- Simulator crashed
1213,cloudy-noon,ghost_cutin,Completed
1214,rain-noon,ghost_cutin,Completed
1215,snow-noon,ghost_cutin,Failed -- Accident
1216,clear-noon,ghost_cutin,Completed
1217,cloudy-noon,ghost_cutin,Completed
1218,rain-noon,ghost_cutin,Completed
1219,snow-noon,ghost_cutin,Completed
1220,clear-noon,ghost_cutin,Completed
1221,cloudy-noon,ghost_cutin,Completed
1222,rain-noon,ghost_cutin,Failed -- Accident
1223,snow-noon,ghost_cutin,Completed
1224,clear-noon,ghost_cutin,Completed
1225,cloudy-noon,ghost_cutin,Completed
1226,rain-noon,ghost_cutin,Completed
1227,snow-noon,ghost_cutin,Completed
1228,clear-noon,ghost_cutin,Completed
1229,cloudy-noon,ghost_cutin,Completed
1230,rain-noon,ghost_cutin,Completed
1231,snow-noon,ghost_cutin,Completed
1232,clear-noon,ghost_cutin,Completed
1233,cloudy-noon,ghost_cutin,Completed
1234,rain-noon,ghost_cutin,Completed
1235,snow-noon,ghost_cutin,Completed
1236,clear-noon,ghost_cutin,Failed -- Simulator crashed
1237,cloudy-noon,ghost_cutin,Completed
1238,rain-noon,ghost_cutin,Completed
1239,snow-noon,ghost_cutin,Completed
1240,clear-noon,ghost_cutin,Completed
1241,cloudy-noon,ghost_cutin,Completed
1242,rain-noon,ghost_cutin,Completed
1243,snow-noon,ghost_cutin,Completed
1244,clear-noon,ghost_cutin,Completed
1245,cloudy-noon,ghost_cutin,Completed
1246,rain-noon,ghost_cutin,Completed
1247,snow-noon,ghost_cutin,Completed
1248,clear-noon,ghost_cutin,Completed
1249,cloudy-noon,ghost_cutin,Completed
1250,rain-noon,ghost_cutin,Completed
1251,snow-noon,ghost_cutin,Completed
1252,clear-noon,ghost_cutin,Completed
1253,cloudy-noon,ghost_cutin,Completed
1254,rain-noon,ghost_cutin,Completed
1255,snow-noon,ghost_cutin,Failed -- Accident
1256,clear-noon,ghost_cutin,Completed
1257,cloudy-noon,ghost_cutin,Completed
1258,rain-noon,ghost_cutin,Completed
1259,snow-noon,ghost_cutin,Completed
1260,clear-noon,ghost_cutin,Completed
1261,cloudy-noon,ghost_cutin,Completed
1262,rain-noon,ghost_cutin,Completed
1263,snow-noon,ghost_cutin,Completed
1264,clear-noon,ghost_cutin,Completed
1265,cloudy-noon,ghost_cutin,Completed
1266,rain-noon,ghost_cutin,Failed -- Accident
1267,snow-noon,ghost_cutin,Completed
1268,clear-noon,ghost_cutin,Completed
1269,cloudy-noon,ghost_cutin,Completed
1270,rain-noon,ghost_cutin,Completed
1271,snow-noon,ghost_cutin,Completed
1272,clear-noon,ghost_cutin,Completed
1273,cloudy-noon,ghost_cutin,Completed
1274,rain-noon,ghost_cutin,Completed
1275,snow-noon,ghost_cutin,Completed
1276,clear-noon,ghost_cutin,Completed
1277,cloudy-noon,ghost_cutin,Completed
1278,rain-noon,ghost_cutin,Completed
1279,snow-noon,ghost_cutin,Completed
1280,clear-noon,ghost_cutin,Completed
1281,cloudy-noon,ghost_cutin,Completed
1282,rain-noon,ghost_cutin,Completed
1283,snow-noon,ghost_cutin,Completed
1284,clear-noon,ghost_cutin,Completed
1285,cloudy-noon,ghost_cutin,Completed
1286,rain-noon,ghost_cutin,Completed
1287,snow-noon,ghost_cutin,Failed -- Accident
1288,clear-noon,ghost_cutin,Completed
1289,cloudy-noon,ghost_cutin,Completed
1290,rain-noon,ghost_cutin,Failed -- Accident
1291,snow-noon,ghost_cutin,Completed
1292,clear-noon,ghost_cutin,Completed
1293,cloudy-noon,ghost_cutin,Completed
1294,rain-noon,ghost_cutin,Completed
1295,snow-noon,ghost_cutin,Completed
1296,clear-noon,ghost_cutin,Completed
1297,cloudy-noon,ghost_cutin,Completed
1298,rain-noon,ghost_cutin,Completed
1299,snow-noon,ghost_cutin,Completed
1300,clear-noon,ghost_cutin,Completed
1301,cloudy-noon,ghost_cutin,Completed
1302,rain-noon,ghost_cutin,Completed
1303,snow-noon,ghost_cutin,Completed
1304,clear-noon,ghost_cutin,Completed
1305,cloudy-noon,ghost_cutin,Completed
1306,rain-noon,ghost_cutin,Completed
1307,snow-noon,ghost_cutin,Completed
1308,clear-noon,ghost_cutin,Completed
1309,cloudy-noon,ghost_cutin,Completed
1310,rain-noon,ghost_cutin,Completed
1311,snow-noon,ghost_cutin,Completed
1312,clear-noon,ghost_cutin,Completed
1313,cloudy-noon,ghost_cutin,Completed
1314,rain-noon,ghost_cutin,Failed -- Accident
1315,snow-noon,ghost_cutin,Failed -- Accident
1316,clear-noon,ghost_cutin,Completed
1317,cloudy-noon,ghost_cutin,Completed
1318,rain-noon,ghost_cutin,Completed
1319,snow-noon,ghost_cutin,Failed -- Accident
1320,clear-noon,ghost_cutin,Completed
1321,cloudy-noon,ghost_cutin,Completed
1322,rain-noon,ghost_cutin,Completed
1323,snow-noon,ghost_cutin,Completed
1324,clear-noon,ghost_cutin,Completed
1325,cloudy-noon,ghost_cutin,Failed -- Accident
1326,rain-noon,ghost_cutin,Completed
1327,snow-noon,ghost_cutin,Completed
1328,clear-noon,ghost_cutin,Completed
1329,cloudy-noon,ghost_cutin,Completed
1330,rain-noon,ghost_cutin,Failed -- Simulator crashed
1331,snow-noon,ghost_cutin,Completed
1332,clear-noon,ghost_cutin,Completed
1333,cloudy-noon,ghost_cutin,Completed
1334,rain-noon,ghost_cutin,Completed
1335,snow-noon,ghost_cutin,Completed
1336,clear-noon,ghost_cutin,Completed
1337,cloudy-noon,ghost_cutin,Completed
1338,rain-noon,ghost_cutin,Failed -- Accident
1339,snow-noon,ghost_cutin,Completed
1340,clear-noon,ghost_cutin,Completed
1341,cloudy-noon,ghost_cutin,Completed
1342,rain-noon,ghost_cutin,Completed
1343,snow-noon,ghost_cutin,Completed
1344,clear-noon,ghost_cutin,Completed
1345,cloudy-noon,ghost_cutin,Completed
1346,rain-noon,ghost_cutin,Completed
1347,snow-noon,ghost_cutin,Completed
1348,clear-noon,ghost_cutin,Completed
1349,cloudy-noon,ghost_cutin,Completed
1350,rain-noon,ghost_cutin,Completed
1351,snow-noon,ghost_cutin,Completed
1352,clear-noon,ghost_cutin,Completed
1353,cloudy-noon,ghost_cutin,Completed
1354,rain-noon,ghost_cutin,Completed
1355,snow-noon,ghost_cutin,Completed
1356,clear-noon,ghost_cutin,Completed
1357,cloudy-noon,ghost_cutin,Failed -- Accident
1358,rain-noon,ghost_cutin,Completed
1359,snow-noon,ghost_cutin,Failed -- Simulator crashed
1360,clear-noon,ghost_cutin,Completed
1361,cloudy-noon,ghost_cutin,Completed
1362,rain-noon,ghost_cutin,Completed
1363,snow-noon,ghost_cutin,Completed
1364,clear-noon,ghost_cutin,Completed
1365,cloudy-noon,ghost_cutin,Failed -- Simulator crashed
1366,rain-noon,ghost_cutin,Failed -- Accident
1367,snow-noon,ghost_cutin,Completed
1368,clear-noon,ghost_cutin,Completed
1369,cloudy-noon,ghost_cutin,Completed
1370,rain-noon,ghost_cutin,Completed
1371,snow-noon,ghost_cutin,Failed -- Accident
1372,clear-noon,ghost_cutin,Completed
1373,cloudy-noon,ghost_cutin,Completed
1374,rain-noon,ghost_cutin,Completed
1375,snow-noon,ghost_cutin,Completed
1376,clear-noon,ghost_cutin,Completed
1377,cloudy-noon,ghost_cutin,Completed
1378,rain-noon,ghost_cutin,Completed
1379,snow-noon,ghost_cutin,Completed
1380,clear-noon,ghost_cutin,Completed
1381,cloudy-noon,ghost_cutin,Completed
1382,rain-noon,ghost_cutin,Completed
1383,snow-noon,ghost_cutin,Failed -- Accident
1384,clear-noon,ghost_cutin,Completed
1385,cloudy-noon,ghost_cutin,Completed
1386,rain-noon,ghost_cutin,Completed
1387,snow-noon,ghost_cutin,Completed
1388,clear-noon,ghost_cutin,Completed
1389,cloudy-noon,ghost_cutin,Completed
1390,rain-noon,ghost_cutin,Completed
1391,snow-noon,ghost_cutin,Failed -- Accident
1392,clear-noon,ghost_cutin,Completed
1393,cloudy-noon,ghost_cutin,Completed
1394,rain-noon,ghost_cutin,Completed
1395,snow-noon,ghost_cutin,Completed
1396,clear-noon,ghost_cutin,Completed
1397,cloudy-noon,ghost_cutin,Completed
1398,rain-noon,ghost_cutin,Completed
1399,snow-noon,ghost_cutin,Completed
1400,clear-noon,ghost_cutin,Completed
1401,cloudy-noon,ghost_cutin,Completed
1402,rain-noon,ghost_cutin,Completed
1403,snow-noon,ghost_cutin,Failed -- Accident
1404,clear-noon,ghost_cutin,Completed
1405,cloudy-noon,ghost_cutin,Completed
1406,rain-noon,ghost_cutin,Failed -- Accident
1407,snow-noon,ghost_cutin,Completed
1408,clear-noon,ghost_cutin,Completed
1409,cloudy-noon,ghost_cutin,Completed
1410,rain-noon,ghost_cutin,Completed
1411,snow-noon,ghost_cutin,Completed
1412,clear-noon,ghost_cutin,Completed
1413,cloudy-noon,ghost_cutin,Completed
1414,rain-noon,ghost_cutin,Completed
1415,snow-noon,ghost_cutin,Completed
1416,clear-noon,ghost_cutin,Completed
1417,cloudy-noon,ghost_cutin,Completed
1418,rain-noon,ghost_cutin,Completed
1419,snow-noon,ghost_cutin,Completed
1420,clear-noon,ghost_cutin,Completed
1421,cloudy-noon,ghost_cutin,Completed
1422,rain-noon,ghost_cutin,Failed -- Accident
1423,snow-noon,ghost_cutin,Completed
1424,clear-noon,ghost_cutin,Completed
1425,cloudy-noon,ghost_cutin,Completed
1426,rain-noon,ghost_cutin,Completed
1427,snow-noon,ghost_cutin,Completed
1428,clear-noon,ghost_cutin,Completed
1429,cloudy-noon,ghost_cutin,Completed
1430,rain-noon,ghost_cutin,Completed
1431,snow-noon,ghost_cutin,Completed
1432,clear-noon,ghost_cutin,Completed
1433,cloudy-noon,ghost_cutin,Completed
1434,rain-noon,ghost_cutin,Completed
1435,snow-noon,ghost_cutin,Completed
1436,clear-noon,ghost_cutin,Completed
1437,cloudy-noon,ghost_cutin,Completed
1438,rain-noon,ghost_cutin,Completed
1439,snow-noon,ghost_cutin,Completed
1440,clear-noon,ghost_cutin,Completed
1441,cloudy-noon,ghost_cutin,Completed
1442,rain-noon,ghost_cutin,Completed
1443,snow-noon,ghost_cutin,Completed
1444,clear-noon,ghost_cutin,Completed
1445,cloudy-noon,ghost_cutin,Completed
1446,rain-noon,ghost_cutin,Completed
1447,snow-noon,ghost_cutin,Completed
1448,clear-noon,ghost_cutin,Completed
1449,cloudy-noon,ghost_cutin,Completed
1450,rain-noon,ghost_cutin,Completed
1451,snow-noon,ghost_cutin,Failed -- Accident
1452,clear-noon,ghost_cutin,Completed
1453,cloudy-noon,ghost_cutin,Completed
1454,rain-noon,ghost_cutin,Completed
1455,snow-noon,ghost_cutin,Completed
1456,clear-noon,ghost_cutin,Completed
1457,cloudy-noon,ghost_cutin,Completed
1458,rain-noon,ghost_cutin,Completed
1459,snow-noon,ghost_cutin,Completed
1460,clear-noon,ghost_cutin,Completed
1461,cloudy-noon,ghost_cutin,Completed
1462,rain-noon,ghost_cutin,Completed
1463,snow-noon,ghost_cutin,Failed -- Accident
1464,clear-noon,ghost_cutin,Completed
1465,cloudy-noon,ghost_cutin,Completed
1466,rain-noon,ghost_cutin,Completed
1467,snow-noon,ghost_cutin,Failed -- Simulator crashed
1468,clear-noon,ghost_cutin,Completed
1469,cloudy-noon,ghost_cutin,Completed
1470,rain-noon,ghost_cutin,Completed
1471,snow-noon,ghost_cutin,Completed
1472,clear-noon,ghost_cutin,Completed
1473,cloudy-noon,ghost_cutin,Completed
1474,rain-noon,ghost_cutin,Completed
1475,snow-noon,ghost_cutin,Failed -- Accident
1476,clear-noon,ghost_cutin,Completed
1477,cloudy-noon,ghost_cutin,Completed
1478,rain-noon,ghost_cutin,Completed
1479,snow-noon,ghost_cutin,Completed
1480,clear-noon,ghost_cutin,Completed
1481,cloudy-noon,ghost_cutin,Completed
1482,rain-noon,ghost_cutin,Completed
1483,snow-noon,ghost_cutin,Completed
1484,clear-noon,ghost_cutin,Completed
1485,cloudy-noon,ghost_cutin,Completed
1486,rain-noon,ghost_cutin,Completed
1487,snow-noon,ghost_cutin,Completed
1488,clear-noon,ghost_cutin,Completed
1489,cloudy-noon,ghost_cutin,Completed
1490,rain-noon,ghost_cutin,Failed -- Accident
1491,snow-noon,ghost_cutin,Completed
1492,clear-noon,ghost_cutin,Completed
1493,cloudy-noon,ghost_cutin,Completed
1494,rain-noon,ghost_cutin,Completed
1495,snow-noon,ghost_cutin,Completed
1496,clear-noon,ghost_cutin,Completed
1497,cloudy-noon,ghost_cutin,Completed
1498,rain-noon,ghost_cutin,Completed
1499,snow-noon,ghost_cutin,Completed
1500,clear-noon,ghost_cutin,Completed
1501,cloudy-noon,ghost_cutin,Failed -- Accident
1502,rain-noon,ghost_cutin,Failed -- Accident
1503,snow-noon,ghost_cutin,Failed -- Accident
1504,clear-noon,ghost_cutin,Completed
1505,cloudy-noon,ghost_cutin,Completed
1506,rain-noon,ghost_cutin,Completed
1507,snow-noon,ghost_cutin,Completed
1508,clear-noon,ghost_cutin,Completed
1509,cloudy-noon,ghost_cutin,Completed
1510,rain-noon,ghost_cutin,Completed
1511,snow-noon,ghost_cutin,Completed
1512,clear-noon,ghost_cutin,Completed
1513,cloudy-noon,ghost_cutin,Completed
1514,rain-noon,ghost_cutin,Completed
1515,snow-noon,ghost_cutin,Completed
1516,clear-noon,ghost_cutin,Completed
1517,cloudy-noon,ghost_cutin,Completed
1518,rain-noon,ghost_cutin,Completed
1519,snow-noon,ghost_cutin,Failed -- Accident
1520,clear-noon,ghost_cutin,Completed
1521,cloudy-noon,ghost_cutin,Completed
1522,rain-noon,ghost_cutin,Completed
1523,snow-noon,ghost_cutin,Failed -- Accident
1524,clear-noon,ghost_cutin,Completed
1525,cloudy-noon,ghost_cutin,Completed
1526,rain-noon,ghost_cutin,Completed
1527,snow-noon,ghost_cutin,Completed
1528,clear-noon,ghost_cutin,Completed
1529,cloudy-noon,ghost_cutin,Completed
1530,rain-noon,ghost_cutin,Completed
1531,snow-noon,ghost_cutin,Completed
1532,clear-noon,ghost_cutin,Completed
1533,cloudy-noon,ghost_cutin,Completed
1534,rain-noon,ghost_cutin,Completed
1535,snow-noon,ghost_cutin,Completed
1536,clear-noon,ghost_cutin,Completed
1537,cloudy-noon,ghost_cutin,Completed
1538,rain-noon,ghost_cutin,Completed
1539,snow-noon,ghost_cutin,Completed
1540,clear-noon,ghost_cutin,Completed
1541,cloudy-noon,ghost_cutin,Completed
1542,rain-noon,ghost_cutin,Completed
1543,snow-noon,ghost_cutin,Completed
1544,clear-noon,ghost_cutin,Completed
1545,cloudy-noon,ghost_cutin,Completed
1546,rain-noon,ghost_cutin,Completed
1547,snow-noon,ghost_cutin,Completed
1548,clear-noon,ghost_cutin,Completed
1549,cloudy-noon,ghost_cutin,Failed -- Accident
1550,rain-noon,ghost_cutin,Completed
1551,snow-noon,ghost_cutin,Completed
1552,clear-noon,ghost_cutin,Completed
1553,cloudy-noon,ghost_cutin,Completed
1554,rain-noon,ghost_cutin,Completed
1555,snow-noon,ghost_cutin,Completed
1556,clear-noon,ghost_cutin,Completed
1557,cloudy-noon,ghost_cutin,Completed
1558,rain-noon,ghost_cutin,Completed
1559,snow-noon,ghost_cutin,Completed
1560,clear-noon,ghost_cutin,Completed
1561,cloudy-noon,ghost_cutin,Completed
1562,rain-noon,ghost_cutin,Completed
1563,snow-noon,ghost_cutin,Completed
1564,clear-noon,ghost_cutin,Completed
1565,cloudy-noon,ghost_cutin,Completed
1566,rain-noon,ghost_cutin,Completed
1567,snow-noon,ghost_cutin,Completed
1568,clear-noon,ghost_cutin,Completed
1569,cloudy-noon,ghost_cutin,Completed
1570,rain-noon,ghost_cutin,Completed
1571,snow-noon,ghost_cutin,Failed -- Accident
1572,clear-noon,ghost_cutin,Completed
1573,cloudy-noon,ghost_cutin,Completed
1574,rain-noon,ghost_cutin,Completed
1575,snow-noon,ghost_cutin,Completed
1576,clear-noon,ghost_cutin,Completed
1577,cloudy-noon,ghost_cutin,Completed
1578,rain-noon,ghost_cutin,Completed
1579,snow-noon,ghost_cutin,Completed
1580,clear-noon,ghost_cutin,Completed
1581,cloudy-noon,ghost_cutin,Completed
1582,rain-noon,ghost_cutin,Completed
1583,snow-noon,ghost_cutin,Completed
1584,clear-noon,ghost_cutin,Completed
1585,cloudy-noon,ghost_cutin,Completed
1586,rain-noon,ghost_cutin,Completed
1587,snow-noon,ghost_cutin,Completed
1588,clear-noon,ghost_cutin,Completed
1589,cloudy-noon,ghost_cutin,Completed
1590,rain-noon,ghost_cutin,Completed
1591,snow-noon,ghost_cutin,Failed -- Accident
1592,clear-noon,ghost_cutin,Completed
1593,cloudy-noon,ghost_cutin,Completed
1594,rain-noon,ghost_cutin,Completed
1595,snow-noon,ghost_cutin,Completed
1596,clear-noon,ghost_cutin,Completed
1597,cloudy-noon,ghost_cutin,Completed
1598,rain-noon,ghost_cutin,Completed
1599,snow-noon,ghost_cutin,Completed
1600,clear-noon,ghost_cutin,Completed
1601,cloudy-noon,ghost_cutin,Completed
1602,rain-noon,ghost_cutin,Completed
1603,snow-noon,ghost_cutin,Failed -- Accident
1604,clear-noon,ghost_cutin,Completed
1605,cloudy-noon,ghost_cutin,Completed
1606,rain-noon,ghost_cutin,Failed -- Accident
1607,snow-noon,ghost_cutin,Completed
1608,clear-noon,ghost_cutin,Completed
1609,cloudy-noon,ghost_cutin,Completed
1610,rain-noon,ghost_cutin,Completed
1611,snow-noon,ghost_cutin,Completed
1612,clear-noon,ghost_cutin,Completed
1613,cloudy-noon,ghost_cutin,Completed
1614,rain-noon,ghost_cutin,Completed
1615,snow-noon,ghost_cutin,Completed
1616,clear-noon,ghost_cutin,Completed
1617,cloudy-noon,ghost_cutin,Failed -- Accident
1618,rain-noon,ghost_cutin,Completed
1619,snow-noon,ghost_cutin,Completed
1620,clear-noon,ghost_cutin,Completed
1621,cloudy-noon,ghost_cutin,Completed
1622,rain-noon,ghost_cutin,Completed
1623,snow-noon,ghost_cutin,Completed
1624,clear-noon,ghost_cutin,Completed
1625,cloudy-noon,ghost_cutin,Completed
1626,rain-noon,ghost_cutin,Completed
1627,snow-noon,ghost_cutin,Completed
1628,clear-noon,ghost_cutin,Completed
1629,cloudy-noon,ghost_cutin,Completed
1630,rain-noon,ghost_cutin,Completed
1631,snow-noon,ghost_cutin,Completed
1632,clear-noon,ghost_cutin,Completed
1633,cloudy-noon,ghost_cutin,Completed
1634,rain-noon,ghost_cutin,Failed -- Accident
1635,snow-noon,ghost_cutin,Completed
1636,clear-noon,ghost_cutin,Completed
1637,cloudy-noon,ghost_cutin,Completed
1638,rain-noon,ghost_cutin,Completed
1639,snow-noon,ghost_cutin,Completed
1640,clear-noon,ghost_cutin,Completed
1641,cloudy-noon,ghost_cutin,Completed
1642,rain-noon,ghost_cutin,Completed
1643,snow-noon,ghost_cutin,Completed
1644,clear-noon,ghost_cutin,Completed
1645,cloudy-noon,ghost_cutin,Completed
1646,rain-noon,ghost_cutin,Completed
1647,snow-noon,ghost_cutin,Completed
1648,clear-noon,ghost_cutin,Completed
1649,cloudy-noon,ghost_cutin,Completed
1650,rain-noon,ghost_cutin,Completed
1651,snow-noon,ghost_cutin,Failed -- Accident
1652,clear-noon,ghost_cutin,Completed
1653,cloudy-noon,ghost_cutin,Completed
1654,rain-noon,ghost_cutin,Completed
1655,snow-noon,ghost_cutin,Failed -- Accident
1656,clear-noon,ghost_cutin,Completed
1657,cloudy-noon,ghost_cutin,Completed
1658,rain-noon,ghost_cutin,Completed
1659,snow-noon,ghost_cutin,Completed
1660,clear-noon,ghost_cutin,Completed
1661,cloudy-noon,ghost_cutin,Completed
1662,rain-noon,ghost_cutin,Completed
1663,snow-noon,ghost_cutin,Completed
1664,clear-noon,ghost_cutin,Completed
1665,cloudy-noon,ghost_cutin,Completed
1666,rain-noon,ghost_cutin,Completed
1667,snow-noon,ghost_cutin,Completed
1668,clear-noon,ghost_cutin,Completed
1669,cloudy-noon,ghost_cutin,Completed
1670,rain-noon,ghost_cutin,Completed
1671,snow-noon,ghost_cutin,Failed -- Accident
1672,clear-noon,ghost_cutin,Completed
1673,cloudy-noon,ghost_cutin,Completed
1674,rain-noon,ghost_cutin,Completed
1675,snow-noon,ghost_cutin,Completed
1676,clear-noon,ghost_cutin,Completed
1677,cloudy-noon,ghost_cutin,Completed
1678,rain-noon,ghost_cutin,Completed
1679,snow-noon,ghost_cutin,Failed -- Accident
1680,clear-noon,ghost_cutin,Completed
1681,cloudy-noon,ghost_cutin,Completed
1682,rain-noon,ghost_cutin,Completed
1683,snow-noon,ghost_cutin,Completed
1684,clear-noon,ghost_cutin,Completed
1685,cloudy-noon,ghost_cutin,Completed
1686,rain-noon,ghost_cutin,Completed
1687,snow-noon,ghost_cutin,Completed
1688,clear-noon,ghost_cutin,Completed
1689,cloudy-noon,ghost_cutin,Completed
1690,rain-noon,ghost_cutin,Completed
1691,snow-noon,ghost_cutin,Completed
1692,clear-noon,ghost_cutin,Completed
1693,cloudy-noon,ghost_cutin,Completed
1694,rain-noon,ghost_cutin,Completed
1695,snow-noon,ghost_cutin,Completed
1696,clear-noon,ghost_cutin,Completed
1697,cloudy-noon,ghost_cutin,Completed
1698,rain-noon,ghost_cutin,Completed
1699,snow-noon,ghost_cutin,Completed
1700,clear-noon,ghost_cutin,Completed
1701,cloudy-noon,ghost_cutin,Failed -- Accident
1702,rain-noon,ghost_cutin,Completed
1703,snow-noon,ghost_cutin,Completed
1704,clear-noon,ghost_cutin,Completed
1705,cloudy-noon,ghost_cutin,Failed -- Simulator crashed
1706,rain-noon,ghost_cutin,Completed
1707,snow-noon,ghost_cutin,Completed
1708,clear-noon,ghost_cutin,Completed
1709,cloudy-noon,ghost_cutin,Completed
1710,rain-noon,ghost_cutin,Completed
1711,snow-noon,ghost_cutin,Completed
1712,clear-noon,ghost_cutin,Completed
1713,cloudy-noon,ghost_cutin,Completed
1714,rain-noon,ghost_cutin,Completed
1715,snow-noon,ghost_cutin,Completed
1716,clear-noon,ghost_cutin,Completed
1717,cloudy-noon,ghost_cutin,Completed
1718,rain-noon,ghost_cutin,Completed
1719,snow-noon,ghost_cutin,Completed
1720,clear-noon,ghost_cutin,Completed
1721,cloudy-noon,ghost_cutin,Failed -- Accident
1722,rain-noon,ghost_cutin,Completed
1723,snow-noon,ghost_cutin,Completed
1724,clear-noon,ghost_cutin,Completed
1725,cloudy-noon,ghost_cutin,Completed
1726,rain-noon,ghost_cutin,Completed
1727,snow-noon,ghost_cutin,Failed -- Accident
1728,clear-noon,ghost_cutin,Completed
1729,cloudy-noon,ghost_cutin,Failed -- Accident
1730,rain-noon,ghost_cutin,Completed
1731,snow-noon,ghost_cutin,Completed
1732,clear-noon,ghost_cutin,Completed
1733,cloudy-noon,ghost_cutin,Completed
1734,rain-noon,ghost_cutin,Completed
1735,snow-noon,ghost_cutin,Completed
1736,clear-noon,ghost_cutin,Completed
1737,cloudy-noon,ghost_cutin,Completed
1738,rain-noon,ghost_cutin,Completed
1739,snow-noon,ghost_cutin,Completed
1740,clear-noon,ghost_cutin,Completed
1741,cloudy-noon,ghost_cutin,Completed
1742,rain-noon,ghost_cutin,Completed
1743,snow-noon,ghost_cutin,Completed
1744,clear-noon,ghost_cutin,Completed
1745,cloudy-noon,ghost_cutin,Completed
1746,rain-noon,ghost_cutin,Failed -- Simulator crashed
1747,snow-noon,ghost_cutin,Failed -- Accident
1748,clear-noon,ghost_cutin,Completed
1749,cloudy-noon,ghost_cutin,Completed
1750,rain-noon,ghost_cutin,Completed
1751,snow-noon,ghost_cutin,Completed
1752,clear-noon,ghost_cutin,Completed
1753,cloudy-noon,ghost_cutin,Completed
1754,rain-noon,ghost_cutin,Completed
1755,snow-noon,ghost_cutin,Completed
1756,clear-noon,ghost_cutin,Completed
1757,cloudy-noon,ghost_cutin,Completed
1758,rain-noon,ghost_cutin,Completed
1759,snow-noon,ghost_cutin,Completed
1760,clear-noon,ghost_cutin,Completed
1761,cloudy-noon,ghost_cutin,Failed -- Accident
1762,rain-noon,ghost_cutin,Completed
1763,snow-noon,ghost_cutin,Failed -- Accident
1764,clear-noon,ghost_cutin,Failed -- Accident
1765,cloudy-noon,ghost_cutin,Completed
1766,rain-noon,ghost_cutin,Completed
1767,snow-noon,ghost_cutin,Completed
1768,clear-noon,ghost_cutin,Completed
1769,cloudy-noon,ghost_cutin,Failed -- Simulator crashed
1770,rain-noon,ghost_cutin,Completed
1771,snow-noon,ghost_cutin,Completed
1772,clear-noon,ghost_cutin,Completed
1773,cloudy-noon,ghost_cutin,Completed
1774,rain-noon,ghost_cutin,Completed
1775,snow-noon,ghost_cutin,Completed
1776,clear-noon,ghost_cutin,Completed
1777,cloudy-noon,ghost_cutin,Completed
1778,rain-noon,ghost_cutin,Completed
1779,snow-noon,ghost_cutin,Completed
1780,clear-noon,ghost_cutin,Completed
1781,cloudy-noon,ghost_cutin,Completed
1782,rain-noon,ghost_cutin,Completed
1783,snow-noon,ghost_cutin,Completed
1784,clear-noon,ghost_cutin,Completed
1785,cloudy-noon,ghost_cutin,Completed
1786,rain-noon,ghost_cutin,Completed
1787,snow-noon,ghost_cutin,Failed -- Accident
1788,clear-noon,ghost_cutin,Completed
1789,cloudy-noon,ghost_cutin,Completed
1790,rain-noon,ghost_cutin,Completed
1791,snow-noon,ghost_cutin,Failed -- Accident
1792,clear-noon,ghost_cutin,Completed
1793,cloudy-noon,ghost_cutin,Completed
1794,rain-noon,ghost_cutin,Completed
1795,snow-noon,ghost_cutin,Completed
1796,clear-noon,ghost_cutin,Completed
1797,cloudy-noon,ghost_cutin,Completed
1798,rain-noon,ghost_cutin,Completed
1799,snow-noon,ghost_cutin,Failed -- Accident
1800,clear-noon,ghost_cutin,Completed
1801,cloudy-noon,ghost_cutin,Completed
1802,rain-noon,ghost_cutin,Completed
1803,snow-noon,ghost_cutin,Completed
1804,clear-noon,ghost_cutin,Completed
1805,cloudy-noon,ghost_cutin,Completed
1806,rain-noon,ghost_cutin,Completed
1807,snow-noon,ghost_cutin,Completed
1808,clear-noon,ghost_cutin,Completed
1809,cloudy-noon,ghost_cutin,Completed
1810,rain-noon,ghost_cutin,Completed
1811,snow-noon,ghost_cutin,Completed
1812,clear-noon,ghost_cutin,Failed -- Accident
1813,cloudy-noon,ghost_cutin,Completed
1814,rain-noon,ghost_cutin,Completed
1815,snow-noon,ghost_cutin,Completed
1816,clear-noon,ghost_cutin,Completed
1817,cloudy-noon,ghost_cutin,Completed
1818,rain-noon,ghost_cutin,Completed
1819,snow-noon,ghost_cutin,Failed -- Accident
1820,clear-noon,ghost_cutin,Completed
1821,cloudy-noon,ghost_cutin,Completed
1822,rain-noon,ghost_cutin,Completed
1823,snow-noon,ghost_cutin,Completed
1824,clear-noon,ghost_cutin,Completed
1825,cloudy-noon,ghost_cutin,Completed
1826,rain-noon,ghost_cutin,Completed
1827,snow-noon,ghost_cutin,Completed
1828,clear-noon,ghost_cutin,Completed
1829,cloudy-noon,ghost_cutin,Completed
1830,rain-noon,ghost_cutin,Completed
1831,snow-noon,ghost_cutin,Completed
1832,clear-noon,ghost_cutin,Completed
1833,cloudy-noon,ghost_cutin,Completed
1834,rain-noon,ghost_cutin,Failed -- Accident
1835,snow-noon,ghost_cutin,Completed
1836,clear-noon,ghost_cutin,Completed
1837,cloudy-noon,ghost_cutin,Completed
1838,rain-noon,ghost_cutin,Completed
1839,snow-noon,ghost_cutin,Completed
1840,clear-noon,ghost_cutin,Completed
1841,cloudy-noon,ghost_cutin,Completed
1842,rain-noon,ghost_cutin,Completed
1843,snow-noon,ghost_cutin,Completed
1844,clear-noon,ghost_cutin,Completed
1845,cloudy-noon,ghost_cutin,Completed
1846,rain-noon,ghost_cutin,Completed
1847,snow-noon,ghost_cutin,Completed
1848,clear-noon,ghost_cutin,Completed
1849,cloudy-noon,ghost_cutin,Completed
1850,rain-noon,ghost_cutin,Completed
1851,snow-noon,ghost_cutin,Failed -- Accident
1852,clear-noon,ghost_cutin,Completed
1853,cloudy-noon,ghost_cutin,Completed
1854,rain-noon,ghost_cutin,Completed
1855,snow-noon,ghost_cutin,Completed
1856,clear-noon,ghost_cutin,Completed
1857,cloudy-noon,ghost_cutin,Completed
1858,rain-noon,ghost_cutin,Completed
1859,snow-noon,ghost_cutin,Completed
1860,clear-noon,ghost_cutin,Completed
1861,cloudy-noon,ghost_cutin,Completed
1862,rain-noon,ghost_cutin,Completed
1863,snow-noon,ghost_cutin,Failed -- Accident
1864,clear-noon,ghost_cutin,Completed
1865,cloudy-noon,ghost_cutin,Completed
1866,rain-noon,ghost_cutin,Completed
1867,snow-noon,ghost_cutin,Completed
1868,clear-noon,ghost_cutin,Completed
1869,cloudy-noon,ghost_cutin,Completed
1870,rain-noon,ghost_cutin,Completed
1871,snow-noon,ghost_cutin,Failed -- Accident
1872,clear-noon,ghost_cutin,Completed
1873,cloudy-noon,ghost_cutin,Completed
1874,rain-noon,ghost_cutin,Completed
1875,snow-noon,ghost_cutin,Completed
1876,clear-noon,ghost_cutin,Completed
1877,cloudy-noon,ghost_cutin,Failed -- Accident
1878,rain-noon,ghost_cutin,Completed
1879,snow-noon,ghost_cutin,Failed -- Accident
1880,clear-noon,ghost_cutin,Completed
1881,cloudy-noon,ghost_cutin,Completed
1882,rain-noon,ghost_cutin,Completed
1883,snow-noon,ghost_cutin,Completed
1884,clear-noon,ghost_cutin,Completed
1885,cloudy-noon,ghost_cutin,Completed
1886,rain-noon,ghost_cutin,Completed
1887,snow-noon,ghost_cutin,Completed
1888,clear-noon,ghost_cutin,Completed
1889,cloudy-noon,ghost_cutin,Completed
1890,rain-noon,ghost_cutin,Completed
1891,snow-noon,ghost_cutin,Completed
1892,clear-noon,ghost_cutin,Completed
1893,cloudy-noon,ghost_cutin,Completed
1894,rain-noon,ghost_cutin,Completed
1895,snow-noon,ghost_cutin,Completed
1896,clear-noon,ghost_cutin,Failed -- Simulator crashed
1897,cloudy-noon,ghost_cutin,Completed
1898,rain-noon,ghost_cutin,Completed
1899,snow-noon,ghost_cutin,Completed
1900,clear-noon,ghost_cutin,Completed
1901,cloudy-noon,ghost_cutin,Completed
1902,rain-noon,ghost_cutin,Completed
1903,snow-noon,ghost_cutin,Failed -- Accident
1904,clear-noon,ghost_cutin,Completed
1905,cloudy-noon,ghost_cutin,Completed
1906,rain-noon,ghost_cutin,Completed
1907,snow-noon,ghost_cutin,Completed
1908,clear-noon,ghost_cutin,Completed
1909,cloudy-noon,ghost_cutin,Completed
1910,rain-noon,ghost_cutin,Completed
1911,snow-noon,ghost_cutin,Completed
1912,clear-noon,ghost_cutin,Completed
1913,cloudy-noon,ghost_cutin,Completed
1914,rain-noon,ghost_cutin,Completed
1915,snow-noon,ghost_cutin,Completed
1916,clear-noon,ghost_cutin,Completed
1917,cloudy-noon,ghost_cutin,Completed
1918,rain-noon,ghost_cutin,Completed
1919,snow-noon,ghost_cutin,Failed -- Accident
1920,clear-noon,ghost_cutin,Completed
1921,cloudy-noon,ghost_cutin,Completed
1922,rain-noon,ghost_cutin,Completed
1923,snow-noon,ghost_cutin,Failed -- Accident
1924,clear-noon,ghost_cutin,Completed
1925,cloudy-noon,ghost_cutin,Completed
1926,rain-noon,ghost_cutin,Completed
1927,snow-noon,ghost_cutin,Failed -- Accident
1928,clear-noon,ghost_cutin,Completed
1929,cloudy-noon,ghost_cutin,Completed
1930,rain-noon,ghost_cutin,Completed
1931,snow-noon,ghost_cutin,Completed
1932,clear-noon,ghost_cutin,Completed
1933,cloudy-noon,ghost_cutin,Completed
1934,rain-noon,ghost_cutin,Completed
1935,snow-noon,ghost_cutin,Completed
1936,clear-noon,ghost_cutin,Completed
1937,cloudy-noon,ghost_cutin,Completed
1938,rain-noon,ghost_cutin,Completed
1939,snow-noon,ghost_cutin,Completed
1940,clear-noon,ghost_cutin,Completed
1941,cloudy-noon,ghost_cutin,Completed
1942,rain-noon,ghost_cutin,Completed
1943,snow-noon,ghost_cutin,Completed
1944,clear-noon,ghost_cutin,Completed
1945,cloudy-noon,ghost_cutin,Completed
1946,rain-noon,ghost_cutin,Completed
1947,snow-noon,ghost_cutin,Completed
1948,clear-noon,ghost_cutin,Completed
1949,cloudy-noon,ghost_cutin,Completed
1950,rain-noon,ghost_cutin,Completed
1951,snow-noon,ghost_cutin,Completed
1952,clear-noon,ghost_cutin,Completed
1953,cloudy-noon,ghost_cutin,Completed
1954,rain-noon,ghost_cutin,Completed
1955,snow-noon,ghost_cutin,Completed
1956,clear-noon,ghost_cutin,Completed
1957,cloudy-noon,ghost_cutin,Completed
1958,rain-noon,ghost_cutin,Failed -- Accident
1959,snow-noon,ghost_cutin,Completed
1960,clear-noon,ghost_cutin,Completed
1961,cloudy-noon,ghost_cutin,Completed
1962,rain-noon,ghost_cutin,Completed
1963,snow-noon,ghost_cutin,Failed -- Accident
1964,clear-noon,ghost_cutin,Completed
1965,cloudy-noon,ghost_cutin,Failed -- Accident
1966,rain-noon,ghost_cutin,Completed
1967,snow-noon,ghost_cutin,Completed
1968,clear-noon,ghost_cutin,Completed
1969,cloudy-noon,ghost_cutin,Completed
1970,rain-noon,ghost_cutin,Completed
1971,snow-noon,ghost_cutin,Failed -- Accident
1972,clear-noon,ghost_cutin,Completed
1973,cloudy-noon,ghost_cutin,Completed
1974,rain-noon,ghost_cutin,Completed
1975,snow-noon,ghost_cutin,Completed
1976,clear-noon,ghost_cutin,Completed
1977,cloudy-noon,ghost_cutin,Completed
1978,rain-noon,ghost_cutin,Completed
1979,snow-noon,ghost_cutin,Completed
1980,clear-noon,ghost_cutin,Completed
1981,cloudy-noon,ghost_cutin,Completed
1982,rain-noon,ghost_cutin,Completed
1983,snow-noon,ghost_cutin,Completed
1984,clear-noon,ghost_cutin,Completed
1985,cloudy-noon,ghost_cutin,Completed
1986,rain-noon,ghost_cutin,Completed
1987,snow-noon,ghost_cutin,Completed
1988,clear-noon,ghost_cutin,Completed
1989,cloudy-noon,ghost_cutin,Completed
1990,rain-noon,ghost_cutin,Completed
1991,snow-noon,ghost_cutin,Failed -- Accident
1992,clear-noon,ghost_cutin,Completed
1993,cloudy-noon,ghost_cutin,Completed
1994,rain-noon,ghost_cutin,Completed
1995,snow-noon,ghost_cutin,Completed
1996,clear-noon,ghost_cutin,Completed
1997,cloudy-noon,ghost_cutin,Completed
1998,rain-noon,ghost_cutin,Completed
1999,snow-noon,ghost_cutin,Completed
